CustomerChannelID,CustomerID,ChannelTypeID,ChannelValue,InsertDate
3330475141,2371520178,2,ukbzxkgjhprdbvuksoxmoioudqydgtkzigozpymvkhspuhbvyinebtnb,2022-12-14
3543741879,4205410754,1,axcbbkglklazmebmsvoxnsxzsyzabeyakdafnuljoxoypqxudzodhsez,2022-07-06
2074715239,3785012349,3,zmawucodbqcwmuyvzamdcggkqfxmyyvotyrekxmfrqgsiebvoqxgcooh,2023-03-22
4144329655,17628709,2,cfpfhltrnjcotubjywwsrkupuvpoowutldluiwqzvbfkizjnpzxvhilg,2023-04-09
3152984365,3708035023,1,quorrxaljdqgslsdibgrsrfqrhxvndmnfpasykkiwrndtqbzjdiquavf,2022-04-07
2386251636,1944516786,2,lfnjsgwgjlhdjhgzegnnfatuxqlsrvwkttntdrzckzksvlazsxhtmlkt,2022-09-11
2292637654,726987033,1,dhqpfkwlmqndivkslrqxtlqehkocrocwqzcnrvvjcbszvtfajuvametf,2022-12-04
2499050900,2792118618,3,sgkettqtvneodqzshdvetlkxadtjikwvcnutltryglbmlaujhpxjnoew,2023-01-19
1342668336,3779017061,4,iosnjyhzhitefzmvksjwukwbsbkdloazxvjehblnlnbbxkvqwnlhslzk,2022-12-31
968310312,1826933024,4,ehstpckkgdqpvvnnuzmyiulsrbpkyxkpoztnhujylnzyupbvmgwykmfr,2022-09-23
3508467163,2312139917,1,ppdljmsknsgdtootcdkbzqatwvciwebqadtxbkojywbfewfongojhrxa,2023-05-20
30465015,2524164501,5,yvbhccdefjojajleuoxncbmslmcmagocowqthxphkcdaklxvzncpjmfp,2022-11-19
2722498730,2651573213,1,vydbnhwngdjiyxctaxhhutzftotmqdbvvxfstpejotjybyfzlbirborz,2022-09-08
2890380088,1564203669,5,omrujiryogjdicrtrtaytsqzpznouchwgqzpfcxxndewajxjqsmfjwqw,2022-10-21
3613247781,3354210625,2,utarupgpbsctzzqjlavpccinechkhrxjzfpeipxraxwrmwfmgjgpzgji,2023-09-03
2911189812,4093626373,2,anbcjgcvcglyjddvgrqisprgfkaaznxmtavxlppgcvbmedylcmcninpt,2023-06-23
1595773349,4068894872,2,ffivplbiikzdctxepxijnyfoakkmnsalxadohxwgugoozrkpeagtlboe,2022-04-04
1180999685,3554321074,4,yqykybdlricwqhdbhxcybdfwddeyftnqdbaebqwgffkmxnneqcqyaglw,2022-07-25
2490675374,4283697386,2,bzymzqgbwwfziekqzabjjdmsmubkkcgrymklraclzlsdmxquipotfgxu,2022-07-27
2033566191,1492773634,2,ldxdgmxoskdoctvvexgoeiozxhwakooptinnhdnjvnfmicecijxwxnox,2023-02-10
2646289744,330127289,5,pztgraxerzwvnyvphzepjjviwteebqisstzeozzkoteukqeuiafbcpme,2022-07-15
4021629594,1785347879,3,vkiizggytnmlkbyvkdnbryqicitttmhfeaywarcwbycxbfotyhtrsibx,2023-09-01
1665340285,3667618575,1,xsxvfqdadhujvqbegfiybfymnrpzmuvelfgpaslalxmvovazizsuporr,2023-06-01
2059611628,1237424330,3,kjkpqezhoyyaahybbpmypueqsdkosejlqcaianbqurdxjqfuonpilonz,2022-11-09
2515364743,1278217312,5,cjauhecucschqyjicaehrruvbrrgvidysizvczoavdiadajtvhmwnuoe,2022-04-08
3871044860,654536839,1,klyrdoqscrxwkwdgqdsgbvzvymprzvdznhdqmudcsehyarmuzjjtrooo,2022-12-05
1651261562,1009563676,2,cegxzutwfnqhnomrdzxgwojlekljkmqnvaisexxjxdpibmnfagpiaenm,2023-07-28
3010783285,48283740,2,vhbwzfzprncmgcxyfygvflpuqjocgsnjljtfgugglsofgucfvlyaasai,2022-11-19
2959976518,416190263,3,pqxfpcrvijqjtfauygvkwqhnnhobixayjyeagekwxglxykcregvsieju,2022-12-27
1603142279,3074361417,2,ozwkioymdknykorejbbkkrjxvebumgdewfydaxurrzszculcgkzrkgtt,2023-05-29
3267458941,1623082680,5,kthswcerdzsaszjypaqqotfplktqieuchgckvgucouoicjburitgltyp,2022-06-12
1822191129,3882682291,3,tcpbmzshwrofrpvhnuypgdkbmeyftylyhxmfihydkyqjdyiinhovazwd,2022-07-23
2778992584,119018178,1,biyjnvigkuhbtdrizkmlymdixloqtbqycpkcenbzuygjpsgoicxfcttt,2022-09-21
615023827,587365749,4,zgkzynauggjuvqfuxhgfrxiecoqpnxwbinieqmgojhticvupsqzgpbvz,2023-09-09
809829148,2345817293,3,aekfurkzsmcqbyfxmgtiwkekzjebzoqahhcrcaaosgrwlpvwsnuukvxp,2022-08-04
532525493,147336937,1,byyvxzkpsgdlmflncabghlroujpazipmjetzrcrsermksrjecfbbcnvw,2022-11-11
2237962439,3215097654,1,yzhxuoeivywbrkhsymyulcwitxsfjyuendiyzpqgzeajtvcodxmlfyqk,2023-03-31
2599564160,3030264657,4,xfgvuluglbtygmoujxcmofatsxeflwtpgbtglzktuwjnagfgqbeyuhdk,2023-03-01
2398844470,3587781023,4,vayydtelzgabmxioztkywpnkxbwljlztiygikllgdphpmmeyavrnfuay,2022-10-04
1002340918,3781441510,1,mwvtatfelbeyomzfphwreuhnbqafueapmuzenopuplcmzonpeajpndak,2022-05-11
3715421370,797782388,1,jhnpmqgyhyleibuofqpggihwzlvtcftqgccbslnzkviwmnzsmoqvejpx,2022-07-25
2622787930,1740021201,5,uqnopsgogjayorevictklixqvdifmytxtmaqvstxcoewyazuojeaiwbp,2023-08-19
2891378794,3130831435,5,jazrqtsghlxbzyamxxwblhhrtkkwvhjjntsvpuipplpgcazxzjwukrau,2022-08-14
1458611381,58763252,3,zyvnzoyshrcgetsvpnkulchletgvwxprzgaczbketoinbfvbrjpbdgma,2022-08-07
1096057831,184745482,1,rnxufbstocdtmocgwinylbqmcskqtzqrpzuaelxhkxwhbikrcvdgvkxg,2022-06-09
1690250439,104034090,3,lnfveohtuzpfupkqvlvoouqaqhxgahqaqgpbfqmthavignlsjrnyhxss,2022-04-20
3551973776,2794476931,2,wkobubgxenjknigrujnlhuhjoddhujoyogmerkgbrmjgtvhoyfgssxaw,2022-09-15
944730279,355073381,1,gcyhrzzufytgtojbthawvjntplaphtloutmrjppviseohfmosxsloujm,2022-10-10
3425777874,4086599620,5,bduycekxyqtvbkkfyrziiwtasgfkulhesfrmhwymotjwaaodzlnyqjkg,2022-03-22
3016039240,3663582441,1,vfgaenprgsqyypaeqzpergdftbbkscdorurnkjxmhvhjzvphlsjlqncc,2022-10-27
1758850919,3484933015,5,kdsmlbklqeyfufxudhmtcinhlcymzwmnyrywhbvvxdmwyjrpztpicmhn,2023-06-14
1657297539,3735892107,1,zglqbrabwsqeulxbfsdpzuwzzcrhcnazqrdbgojxdwtqxbajiauiiltm,2023-03-06
3668580416,2660450269,4,ctkhpynfokaqpouscmxvanitluizsnuqhqgzfynsoosviqueyihtohtd,2023-01-06
2096842572,3783136360,1,bqeiqgcypddffrervkkibpvcvsalzokacterucvvcpykwhmlavaisklr,2022-07-16
4237042457,3316847074,4,nrwvhgypttifswkhetttejimbntxzreiwmwngvhmfbzsdtssrrzietpl,2022-08-18
1395822683,4164980623,3,dnhwilkwwigcgvsmenhvnhqegriurnjoxorjpphnezwtwskkohpivppt,2023-04-05
1957099845,1871534877,2,kkhqidowbkuvvdqwaczoyznufvmzhdoqmtyniftsbyauacibuccwwval,2022-12-05
3146037724,1364726777,2,vjxmbcifzhxsdnhzfwssfnxbmikbuoaulwkdbkksmxwcbfdwufuvtyvm,2022-10-12
1711960979,1397006661,3,cdpmclfwwhhnexloulsreyxygiphrjyitglyiozwdagpioymnjvlqmlp,2023-03-12
878327716,3306544638,1,dhpgminzzvctvmqmjuooqcxutyztnqkwnisjpkyevgwvquqahgzmeiul,2022-04-29
1153607661,4264450384,3,hpzgvcltfhjvstftryrylvqxlzziqmfyfostrzijkqmifdepksvxpdnm,2023-06-01
3090505248,802878909,4,ykysprnvwzixbtcaelggoiykrnvsmcqjboinxnwhjqdhwjxeiarradma,2022-03-21
956848265,4239629693,2,kulsxitcgqaqtsfwttblzpbpqsfoyyaowveemfzfikyruhgulatowndg,2022-12-14
3414159111,2282770637,3,ltnfcxzktxbomiomrbuibgwnugchjgubuopeqcbyrzreamulsadalosu,2022-02-17
2901462859,1504465705,2,mubgjfmcmkjopcdaihejsasijvgeppsjltrqgqkfqkbusjndlfuborue,2022-05-13
979419537,3771839276,1,poilgcnezbbiyqnkliwvzlrqhxjciulciwcshxzromkvjsvoymbxwfus,2022-01-25
3633626310,3305917971,4,jfxigbvszsueeowylnhklnuvtafqcbkonzkhsdgnvnshupgxkckvelgv,2022-10-26
3824490497,2548108431,2,cxsfkvkhymdhfewafewbdcildvlvzujwlgnkgfnvgiaucfcgkjvmqfjj,2022-03-11
1981350427,630406814,5,mffapuqivwhdoryvuyyroitivyewuvkapfxxzjmqcsrtzbeuyvvrxprb,2022-02-02
1179688388,693200618,3,jgspuqmtlukddegfdviickoyjcexgfanxmaayrxawcvekqlyevnabxti,2022-05-26
111000036,1840333906,1,odrtfuyebshhawrapnynjhwkypxavxkbzvzmctdcefjwzrwqaljxxiek,2022-10-08
764491258,3605561229,4,rlwwgzcfjnudhhaeyjyiaeenlfeizvqdgvbumbgzmvcsaledmmivzhbl,2022-02-17
729618551,1556706313,4,qmgywsvlkdmszcybbjohqqiimxzbpytiaiywgrhxduhklzmvyimhjaoj,2023-08-08
2314951417,206924644,4,avlsadplgchjjokqmfrlrxicdthgknqdpqjiscgpxsoymnsffvzizjvf,2022-11-22
1560194579,3099049176,5,nhnjpoiyryzntmsdikqkfdcmcxvwgopufyirxydbmqzjshofiazkjtoa,2023-05-03
1173886251,2805864242,3,unhayafbetenuozahlnidtwojfavqtjlcprkuhsenaoisurqqfivhxpi,2023-02-14
3028492997,1601758565,4,pzuntrqxcajoqwrwuqezfwmwsgrrgavaxyilaovgziugpwlsgsfgihia,2023-05-22
2976652009,1173910807,1,eqkwkolhinzqlawgilethrbufbhcmwbntzkurmdyhcmvbjbmptkroaiu,2022-05-27
2559571935,442641724,3,fuzdilfyehmgfsqbtocslxeyxgrlxbjoaaoifyfahtmlujnayfnyvgll,2023-06-03
2381361001,548699023,2,sbovrhutvjcsspmyinofsosukppzlskakiartqhzdughcsisffyfvrmr,2022-09-02
1160238340,795517452,5,rmeycasebeirjismcsacgkqvidfqugvfdjbxtfkzrpqgqwjytzokudzl,2022-06-20
2250269110,1623852546,4,bxstfmadzicfgvhbywclwumbbjdzmfdvglmipayqpvdfqhjoensidawn,2022-05-24
1326607636,947614626,2,abtualrkhxnkbhqnzjbrsotdmoqtggwcvasrmvdcqyhqycoebmkwxafu,2022-04-21
2919521071,2764482113,3,iqhnmqjkliajhdqxohmmdwwdjrbxnvwuuakrpmofuowwhfujlifeasro,2023-07-28
3814750447,2635222784,2,utvcahzjehjbwgtxepfgeozitvelsjcqfwxyyiuunmpbiuhdyngiqxry,2022-10-15
3892075332,985021363,2,wmtsobtqdnbkvdykcxcmiijhvnhttqhcfzfjtbaiwsflpaqflygljktc,2023-06-22
3230779393,1491250973,1,lctizncuuladzyjottejbnfkxlhfyhpvbydvoaqbgxvbydoenrrhfapp,2022-08-18
2460131900,2962277096,4,yrvukuxpuflhquwrmnrkpfylufmvkcimggwlybtgjyfacxmhtstjbzmi,2023-01-20
1440173107,2367984748,2,truekuxfkpytnnfykcsezdjezruksyllcvakwyyenrikrwlsjxzeioej,2022-05-09
513446573,3376616060,3,ttcqdxkcsuoajtorwiuqopqoprdtlqyyfnazkyclhumahqaevfmfesbk,2023-01-21
1555287276,4269635854,4,zntwdtsbitrqukvxlnuraekfspoamzhumxlfgoqnkosjanoonydvboum,2022-08-23
2572821278,807495182,5,redvqvxbmnvwqzepypbcvzlgmscwqxurcrtdfexzxzhknjpznsmlsjsv,2022-01-22
1873853154,451591866,1,kjywcqrzvtcqjmhmjzkmhhrjpouxiclfracmouzaxqrrknibvejkxvyc,2023-02-25
3063405208,3900816437,1,qkrztdmgyudwrvxwpywbgcctqjeerydkbqukosbcecfqoishzgnromli,2023-06-03
1561170277,634676415,2,vulbscieiwpxestkgommnusjnsvkizdugdwwsgabbdqdgfouxigblypq,2022-04-27
3958413064,1861370304,3,ynxqrbudsjzoynmwrqadoxyhulhgiipecusrxlxurfdhkzdmolnivlam,2022-10-12
1404602881,3236360684,4,ibjmkdrurcfztsmllrmkmfgpnglbjkcgaqobjvdgptqwxqsamnafyfvh,2022-06-03
1245846641,4199568268,1,deessluhpmwfsqehoozxoovgsbodkrwphmspuzfyocjdxdprhlzuwlxw,2022-06-20
3874243081,1782627165,5,ruxxbmdcicykrqjnxvkpvysvxrsifrcziuyrlthsbbejargioytkweot,2022-05-20
2083674580,947614626,5,wpgwzvphoyowxbnccwuusowoxzdslqbmuxmhrncicswetlcsgbuwhkhr,2023-01-07
1235870724,2312139917,2,aoqrosuwxljrwdtwyaizwovcbqbttyzjbuqftkqvdrxdgubjvugyrjhh,2022-12-19
598593953,2764482113,4,erchseqnfinjswjqndvaydurescbxzaewxnbfkusvstxehtkhlbvbvcu,2022-02-05
1017138986,3484933015,1,jjfnqretsjmdtykyexsqjeqqrhgitxthstpoccfgabkqmbnwzfshnkhe,2022-02-11
3990754882,1782627165,4,bixtuvnwwybdffcldqnijlnbnlsittfyyosrjaaaxbwcospbsnsyfcvq,2022-02-18
1740153718,1623082680,4,saiejafyjnrvddnbztipigobkcdfecgesaszhgwfkvhqecjyyxdqqfap,2023-07-08
3068076364,1278217312,2,kaoingvaucposfjefdnluxzduyhlsxyqmzjourulzwomkxknaccwmftf,2023-08-03
2318506239,184745482,2,ioelvjwkehgxjbpeegoziojluawncmirjlresxjtbylribgavzunorgm,2022-12-19
3093704295,1840333906,2,tkpnzzjuoyhatqysfggijbyusxccvrzmclzfasdhybcxytgtqgcnfbla,2022-06-02
301448036,4164980623,5,osmnffyhzwwmdwyyivkozfdjdpmpkrmrudlswdokepjxtymsdsfyomsb,2022-07-30
1024950341,2371520178,5,fjzlzdompwnbnfrxyscpohwtbfwqgktihdknqjrjsdppqsdxmunyinbt,2023-05-27
3476593335,4199568268,4,lgslkynayetfklprykgdfwwqlpeoftaxtisupwpuyxwqueraocbojxlf,2022-09-03
2326864702,2660450269,5,dvdxunpixrufepyifqudrxatfnlvckzzpqdyvrfrxlxshflwbznpxvsy,2022-08-19
2116355842,4093626373,3,msallslzqghfvweztdtydzhksqnmfhwqktfeselaymtbquyohxbeitnq,2022-10-26
3700564049,1871534877,4,fxwqyunjbpamzagxsurnjkelwzzhminzjqgfxhkuxyypsblnptvgpcoz,2022-03-19
1965913818,3781441510,3,aporwhocnluvblmcquvtbzctvbjpfvvnxbzvosbmhdkvwpwtavprjbma,2023-05-08
1579150598,48283740,1,brpybzanqsbdladluokgdxvcflbljdwkbfiypdhsivihecklxkprwpzp,2023-01-27
2476571750,4269635854,4,nzndixkxatjecrspigxlvcizzolkrwxgqvsrruhbqtpnaiveosgtwydv,2022-10-19
176939414,2345817293,1,ceinoujbfyannapfcyfmqhpvhryvoqdftpxzbtarmtqbcdagqpvwyynx,2022-08-16
3121098556,3074361417,5,impahontxmtpsuobdovvwgvkeppsxbfkyelcgkamfubuezqmddhciyvh,2023-09-07
2883084865,1785347879,5,ncjvuvqqffrwhjoctazinfbndtyjwpnvzhlcmeywhsjylretbrxitawn,2023-02-22
1472989991,2962277096,5,tvgrpxnbtnzhqetpaliapvstvmgidfzlcmcpsgpaewoairijtxlzdktu,2022-02-23
1803671108,416190263,5,azycqreibiuolmbitwqwvctmykbwjwtmmyeaztpzzckylsyhsqefueuo,2022-08-22
4189420806,4205410754,4,ffojodzmveytgvjtoqzuwlpextzdajqfbdtaymglnaarogeiabnkriji,2022-05-15
237705703,3605561229,3,ksvnitwhjlgqkwfvxcdtzseqxpaicttcsbeermwryizrwkxjwbhwklvo,2022-05-05
2688760363,2794476931,2,pzmzivrrmrsjmtwfmrqlysgiwooxfbdatagdneyjimftlywievzclmup,2023-04-03
3929435154,104034090,1,rymajszxjjzrbabvpgpwisycxtlhjuthqzocpxdmodbtxyydbvimzsde,2023-02-07
3801681452,206924644,4,fqpjuioblbjrassshzaacamoglskkllwxjkkatfcjzjfnywqtzappwui,2022-04-15
2619069214,2635222784,2,lsbwwhudtwjkiucidjrfyrfzpzghigzwmkcjsnqhgntsblepfgtcbtqq,2022-12-10
1888613249,3215097654,1,ivrqzlqigzqaqkcuqksvuyfjbkkkigpaejhnuevmleqgezyszdvmbxmw,2022-08-28
1092850384,442641724,2,ruqnmhculdzqltdnwdlzmwycdpulmothhvmuilokmlskhxhbbbqzjzyl,2022-11-24
794146404,451591866,2,iucnkzotvwhcctsoxeglnaewdkvfywohwtpcpamqhjywjftinpfqbkps,2022-10-22
2265532846,1740021201,5,dexaxqfqjtrqyfrrxrlmcbczkhacqfsylpxrdwfiktqltzhufscyanox,2023-01-01
182181908,3900816437,2,jjygjdwfpabajczpcnjpwupdxldkdiylzfiphygapzfvutvloiwiszng,2022-08-12
1221998730,2805864242,5,nlthrryvktaybidpkbxwphxtfndhnpaksvbkylyajurvwzjypssrnndq,2023-08-23
435643253,147336937,2,ffirnuzbwdfzpvvjqtncznqrjnawmzieckejxwtghjwmrlgiavvvertl,2022-04-09
1154748003,4068894872,4,lqavhmfjfgbpsrvsptqhapcydcersinsnuniogcxtfdjewhzlxssvyor,2023-07-09
4126303809,3882682291,3,xuywxcjzaxtjaqxszftjnnjiiyiryvfkuojnpuulchclvpodxnchcocg,2022-10-08
636079764,726987033,3,pxbmhzadujkmltrtjxtdnlruskkyvlwgvdoopgbmstvfxyznuyudzgyh,2022-09-08
1775595430,3376616060,3,ibzgsfhnvsgivaojsoxidlmvyibtbcqyequgrdycwxcwzviddgbacsma,2023-01-20
4263885763,2282770637,1,qcbdjwqgjnfvvkeudzwbldahhjhrnthfibczaqvmzqtbzsjdktbojcyx,2022-05-09
1246761021,1364726777,1,tneixjulrjhsntgebkogbfbqcebgaofddcnncesuryotghvlmfmfrkfx,2023-01-26
2959529453,1009563676,5,ykqfydmhfmsmnmgbuzgwwojrrwztrbqjbbatfpyfjkmyeyzfvmvrfria,2022-03-27
26644081,119018178,1,qbbvklqrckzmcswiiuzpnakomkmvdepeujbcgzohvhvbgdagshlvlfqi,2022-02-26
36290227,3779017061,4,ttoohzhtasbkofymumeidnfiwauoqjnfhwrcrsqqgizlkpjvmfrctxju,2023-03-03
315208255,1504465705,4,nmwzmofrlwolbthtpgtgmdzzjsstzljocpjgfeqouiohqkxogauayadz,2023-08-29
2894968870,3708035023,3,brforsdgqvfoykqldkimsfkwydebrdvgnhofayylcqqssgpnnkblcwqr,2022-09-11
460073739,3354210625,1,rzmlgihlvtjdqlhnqmumegrlvdqgylnropjfmwppfjgppvnxcqmdpvfb,2023-08-08
2908656814,355073381,5,avotluvckwnnfigfmoqdpppmuozbtdynklzyogdhxlbnneytmghdgymn,2023-08-14
3847896787,587365749,5,gzcbxsrhmsmhxbsfebnloymwimpkybpfuzxtcegjbtnbzigdgmygivqs,2022-06-19
3823618969,630406814,3,rxwxkbygxtpprkvnkjdsuielqwcitqiajfoslddnwjzoidlidthtkzar,2022-06-18
3167686259,1556706313,1,rvpsqviqhgktliwvwmzxfsxcvncaipykqjhowljvmneimhzqajhpvczg,2022-03-09
3931260544,3030264657,1,izcalvjrnkroxlmngmfptpckkhzcuskacxghadlkztrqkxqrxidbrthk,2023-03-19
3395779597,1656097016,1,pblchqfpoyxtxsqxylfzwefylaqzjrjxqtoqfnbxkoxseaszeuszdvug,2023-07-28
541397745,3236360684,5,mneyhngsrtgleeipecctswhldberhnrllvssidovfkyuybsuuqnzvkyy,2023-07-13
3028183910,3587781023,5,tlnigcarmamtwlbyeiebfmkxxhgcurelgruucinvthdjazxpayuglgmw,2023-05-25
440012960,3306544638,3,yyzbbqoxrhaaajqwlghpqkdwthnewbnzhuhufedeyflxthekjrzdsfpb,2023-03-11
2865585917,3735892107,4,qugwslxfwlurnhmofeiwqavbghxzekjuckmyizjrniwywwfxmeyfobah,2022-02-01
2910555342,3554321074,5,debbphyyqniiskxtrjyxveouwuhydcbblqhmnckvtkxpkshqlufxrami,2022-11-06
338677115,2792118618,1,fsesiqncpffvwraeeptgupolqwvpdbajxktwzpwwtvmcoamzneqlvupp,2022-06-10
3835663610,807495182,1,saqvmodpgkhclwvwptnsonsoajqbcrzquofbdmvrskoblklbtuwwrwiy,2022-08-15
3430313166,1491250973,1,mpiwietqqnpsnzquafigvgkfieioksmhbahigdvizurwujosgbghmghn,2022-11-28
1833617631,985021363,5,pgyhhorursgywvsrrxftpzrhwwaysiyhvjkylzhizoaazsspmssojdiy,2022-12-26
3526059093,4239629693,5,uvjhdmaskeuvcvlrqkybpqrpkipkwcedcvnhkjfrnrnxjpjnnytrmhnt,2022-08-04
2427923106,3785012349,2,qgunskrchqfcsgtfycinwfzeudtucmagyexqoiqrnuehqvkjvfygjeyv,2022-09-04
2712052150,4264450384,2,akoauqwieulxestbtnuwuhapgxjhsddvcbvyzouwvjclcdxuhpjudakd,2023-07-03
2709828175,795517452,3,ydxyxhvopxuwuitualiuunpnqhajbymkkoduhcsqbizvnnufavwekjua,2022-09-27
2998331418,802878909,2,cuhrcwcoyciqvgtofvpskphjofwedpdkgppwbfcpnmzzcttbureabqpj,2022-08-03
281779441,3316847074,2,kcvrozruiagsysbrduizajwbsfjyacktixvkowzyjsmnfwfmgscnxnxa,2022-03-29
1687929493,3130831435,4,rtvfhwwmcfkupquhuskreimitdnovcwprnikjytvptuxuffrquhlymir,2022-10-30
1778648684,17628709,3,vdcesvmxeroeaolljaqynbnsptyetjhproymeyvfkoyicrlnvqliqidi,2022-08-31
776789408,1826933024,4,dedhqsxokdysjzifqdfvziaghjuogitbhwoqpvekkzxnaqxezvimhjha,2023-08-11
172388518,1237424330,2,zipifkzhwemthcekvffgxennweywxanhoukrkrdvfttfteumbqiirtxc,2022-12-28
2873904839,634676415,4,dgkexxjsxepiaynrqommsdhjseusxfojvbwazoxvxlnpzyybhyxeextd,2022-03-18
1822134281,1492773634,5,wbsviturjxkzprddlqidbqndhwagvfsytamhqabyeagahbnrcbwyapjg,2023-04-16
3416093899,2367984748,3,opahqqvvewbcbgriwvnxoxhxqalvzvjcoxgatmkrhsmkmouvbcvldlrt,2023-01-27
2979366115,330127289,1,opgercnvndeifpuptxxwcofvtnxzaphxhlpkenqvhtnwcmbtauiheijo,2023-01-26
2713214528,1944516786,4,vlrlrraifhgsaeqhybwsbfwkfwihqmkpyqzkctehgonltjooycikzuuo,2022-03-07
838971590,1601758565,4,aehioqplvjyhnpjgmihjdwctcikaejfmlqcbijqoxmlqqpvwdkvxyork,2022-05-31
3363502586,2651573213,2,cjvedbwqypuegtchowbvpxuwcdflcsoyyayzxqfyfiihpaayockilfzy,2023-06-05
752467107,3663582441,1,ivrftcmgmepcolmvkgszoeihagaccqyxtxjqpxxehbmosrbpsscnpsqz,2022-09-01
3389974568,3667618575,5,hlbybrxaobfknocvwecdaafghbfpdycoygscsrvvnedzbluhzljsgaxs,2022-09-08
507568334,4086599620,4,bwsflawvsclqkkauqvuobellpdjribhrmhlgjvkpkaagygdpadimffsc,2023-02-21
1775714105,1623852546,2,hvweaworcufjaddiifiysvxpuxkhpyiwskwhmaycwpafndyyyugivpze,2022-08-09
291726264,797782388,2,gzycquhnthwseztpxxoflnhqfvyrkuqxeljqfrsjngvwezvdkyotghgc,2022-12-17
2711505892,1397006661,4,eachovcmkrtrxgqbrfmxirzxlmzqagaawwlbelitrifjvzmrepkrpkis,2022-04-19
889058989,4283697386,1,crfucomsjpgjmieymdkuhlvlrxrqfnkhvlfliydrhkifafikjbahvoal,2023-01-16
3654104792,1173910807,5,cxkpmcmcqakgoeylcbgdnmqzzzgaowseehavslakzncoquaywzqwbgqr,2023-05-13
2515550783,2524164501,3,vaoltxmwzdslwmqphzatdgkcuxldpxetaqstetdahmcylpggdbmirbbm,2023-05-31
3006423054,3099049176,1,bidhbhcbycemsbjcudiqjaroyiyvjkbhriztuoxvljhgnibqvcxbplav,2023-08-14
617741086,3783136360,4,snbcqzucajwrzdziqhcefsnzlwawddaihbnytkumcdgkrjpsvbcfrfon,2023-08-20
3320860944,58763252,1,rafzympwxtmkssochaxojzvducgsconviwjjkbolvbspqyrctcdgvksb,2022-11-19
2295563053,548699023,1,rtemwudnfikqtugpfcoqmlbzikkwgrfihvyifrlrnhkyvrnztmplkbcv,2023-06-06
4034882457,693200618,5,jzbflixfdtgkuulhmmsankhjovinttgicxuhnmcvryscmosisqpehlwf,2022-08-24
3622319327,2548108431,3,hlnfqcnwgdfjyojzkbfzgfiucuograjvibiqaiqjykuarejqyxkjanxa,2022-04-06
953974793,1861370304,1,bygfejfximyjkpgfkkemgzwiawhxiaoldbkmnzpnaapwmygawdnrioju,2022-07-20
52464596,3771839276,1,pauvzaklxxdwmbkrspsdgfuydnfwhqmsowrbscpencpnvxlzrlcgxcxy,2022-11-19
2837750847,654536839,1,yrnmwzrjhemulrtsucuyukzonmblswwwdxwaazyxuzuwcjrhzwxjulnv,2023-08-12
873434529,3305917971,5,qyibdnwopotlimgofccktozedfdjglujoxjycocxozdslcebdegwhsps,2022-10-22
606101097,1564203669,1,ipytyvlaxgwuwifrmxnobujsryahhemdimtbyailcdjnsqrfbhjcramt,2023-06-25
726509168,3900816437,5,tstxvolgnhvzphjzlgsjqqolppapjhruspvinocvetixysracstdjfre,2022-02-03
4102052356,1785347879,3,chnkosvoermdnirbneobdftaxdolfwjlrmzeuduqiixlerxaqgpfoxqj,2022-07-19
532934507,3779017061,2,mkpfbarilkoqhxnpeasomqchgnnfpbiyenitdbyzpziffctoytdenplq,2022-03-15
209784174,802878909,1,wdibebsrhhdhtmoqpllgugujzjbzwlzvdrknsjrnvdzogjdagqiwvuyc,2023-08-19
3028517525,416190263,3,sxdueabvqviszicjsffwfanqusmsgjcbewciaennooiwdgysgvtmsxrf,2023-03-21
105952657,442641724,4,kfswjpwgtnmkuoxwmcrhskvgyfpdqfwigasammmyhajjqsffsohhsabz,2022-10-16
1150138940,947614626,4,hlmtbemruxqdlxtfccpihwlayuxigzraudsjkyqzkmbrzjebjavngwwm,2022-03-25
317556199,2635222784,3,gqjeaoalwhwhpxkwotcdlsrpbbacpiydbfysvzfhtdgictpfczikjdjc,2023-02-06
4174210427,630406814,2,vwdvomvjissklqaqwtsqykxiatudnzquagqyxdhlhdspidpwgoywhdxr,2023-08-01
1935983380,3735892107,1,ysqyjwefcetzmhscmmgmayholpzordngwmhlkqoecuestfngwvyqsivo,2022-08-11
704279555,1504465705,5,jwdfwjpijrlfpjdfaegbcffyqhvmeqeymgnxknefpbjgqjrdldqucnwz,2023-02-20
1888031328,3316847074,2,zcjlnamuouflxknbullhynssjwzrxbatyqytfjukwjlreibwvkqkeqqh,2023-07-23
929869647,1364726777,2,rxcxvhhajamlpgaeljywrupzqpzbxdjgaysveqdwvjimqnkmfzjjbwib,2023-04-30
2878291729,4086599620,1,thpvnymawqnltbqwtfpmhpydbvtloyhwsdhrpxliomzlnqldskpsrxok,2022-01-21
3118652008,2764482113,4,yzfdnjmdxpgrofwwgrdemvtqzqhdftzopzzavlkktwslhurfllbawunp,2023-08-01
2517402896,3783136360,3,utenzqsgkkxcdgaffujvbhhulrylgnbvawpdudbizettniqvjupsdywo,2023-05-30
3993415254,3781441510,3,mbmuynpznmjmonrhkbltghpclxvmcpmdvglaynutihbookvvpnwbylul,2022-12-22
2335766437,3554321074,5,cbygkpphcngggbycbvtnazrvnpaubchhxfxzguipgwneyubvnmrtrujs,2023-03-03
1311194628,1397006661,1,ucusvsodqwdcgvmbehwnoaaklhtktswadhetvwzydpyiielotbpptabb,2022-02-19
2150714519,48283740,4,cijibihciyueguckwldbrfrendhtsulsjaqwucciiypwffieywmsifjj,2022-10-06
826687159,4199568268,4,zdmerfigigrtzswlykpmbbzufpyrziwhewrecadijclsdunkhkltnmvd,2022-02-21
124761380,3306544638,1,citmltqvqjjsdltdxgtkfotmqoyeidmvaftphjmmmmruxngarkpdlvmw,2023-05-24
3052134455,3130831435,1,ftieysgcfrowlfpwkqydfwwcrxyfegfcktfmacfqjorqbpbwcqxamypl,2022-11-19
756873916,119018178,3,flfuufzcqtgzykwflykjxrzersdvbavqurtccgblprxqkgnoyxbnjhto,2023-04-25
1469936109,1491250973,2,trvryzlzpbkxjhnijzviucncvoobpifrnltnwcokmhhoyhejypiunzkx,2023-06-01
2484401367,634676415,1,xdwhsuzggisbtyjjvrzylsipidwlfkrconsioiyhvgiguajwoopanpsl,2022-07-19
4053083730,1278217312,2,neiuvqurvpcbzqmeftrvahuctyovclpboyrerrrbvarmqdyiqpklwsyn,2023-01-15
3419104874,3074361417,2,jysmfnnhguhqyaefrxeurabwdhxxckmoorqohrhwhyeeziecpkjmhbwy,2023-05-24
1857258266,1601758565,3,dmelvzikolwzwnamspggivqrgiljchqqvjqocxtxbcxmmyrjxrtfkcsf,2023-03-22
539644692,726987033,3,armnhwzpbzoplczjrfbelkokyxxtpaflpsccrrexmfyjntnfdwxxlulp,2022-06-19
3631375672,104034090,1,epzrukdqitqwckdhczwrcxusokyhgdmdkxwiglqnitrkrtcgcoargmpt,2022-08-23
3314859924,587365749,4,mfpuxvenidqyreyjtclxuixzvcbfgqeranuthyeicxljxktisngidmpv,2022-12-20
2277063817,1564203669,4,eztjadfpqyvzdtrnrsfrvniwjohsswtrsygwhkhilfgskhczsnkwrvoy,2022-05-19
2024427063,1861370304,5,qlendfgwgvmpcnrveroenapksnxhajobwdllersqgmafhtsbhslamwek,2023-01-08
1906654131,2792118618,5,rxpxkujlmxoguykqhanveatrbxsgvmasglvnvkcuxvszxlasmgcfoxwj,2022-06-03
1628992615,2805864242,2,cqmartvyduvgbuhgnakaqbpojlmstbonfymizqsoykaylpaqwtewiwsz,2022-09-28
2115196348,2660450269,5,ozvgchktmujsacyfvlizuhixpdhkvhabjjwxthwijvtrcgqcoywwqqzv,2022-10-21
3968936888,3236360684,5,eqxqloqjznedqotprefvzjkxqlwuvsetiyednrbfblqcnotbxpfjphgy,2022-06-04
3508052446,3376616060,4,zgrlzodfonbdypwagcewwonazphjnpcbmrkidszqlzczhmxfswvfpqiq,2022-04-20
2306184285,3667618575,4,pmnxdkiuntaazobfdkvnctzixialaobkkvcdtfcopqznngwywsbfbwib,2023-03-11
2159316953,3708035023,1,ndfnwkbdrewyysuepaurhtfsdeyeidxrlemdlxqhxlytzgxopfmnytbg,2022-08-15
298450639,548699023,4,shwugkofhfnvkcnecbyurmcoapslaaqwsalphqdwxcsrclbbhlvndsdk,2022-08-04
2910119082,2312139917,1,jjssswvnsszrlyszgcqezxfiytqfntdvkptxeaaroktnntgrytqymybi,2022-02-26
4257237987,330127289,3,xspoihsmxwdfwknwwytevwpblcalbhuulskgnbgjzprybgpevwmibbri,2022-09-20
373931166,1656097016,2,aeyyxnswfcrdktgvcyuvmrhfkamykrgaqepzjuubeozrdsnjcmnlrnro,2023-08-18
3277682696,3785012349,3,odezwpfhovskrwwijhmomlynsusbbpxfxtmafsbbguarregqmzegbtqf,2022-12-21
1516741452,2794476931,5,kucezsufsjswsrjjffcenzqymtzktwpjsijigyzobqjhuwwucgvurkmd,2022-07-02
3678053406,3882682291,1,fnonfibtxsthdcwwoyrwiiohrwtzcswgvnctglagjlptwjnzhdogxprd,2023-01-01
1360291476,3030264657,5,cghwntttkzvfxipjnuebiswilylxgokwcqtfabkfohxfknregtspskob,2022-07-15
606342161,17628709,4,yvmycmhghwlrdhavkvqkupoiajnnzwjwrpuavlgkujweylmgndassikh,2022-12-19
3660193079,2371520178,3,jegduvhrscvzkbylxpaqfeihddyebqrpdutwrwpxkvjwcnaqfwbobacn,2023-03-13
1161790684,1173910807,4,wmyaidenfxegyrqhpfqilthgerljwhsrvtuybdigasjfbawmoakwccnc,2023-03-10
3704946416,3663582441,5,qvofgqhovwzebfeegfmueqnltpdyqzinhjcpfdtqrpqplzegkqtqudua,2023-09-03
3829361371,4239629693,1,janwloewwuqloavwnjmpnhouadrskhnhatakfvinnzsccagdsxkvzvra,2023-04-05
303282252,1623852546,5,wxvmdkxzorvxcfijnbtrnzercdyrkgwrdnpyvljefbqxhzrlisieukcn,2022-08-16
4062415573,3215097654,1,mbmmkqintynnfwfxotttzwrxxbsgtabjgadffcbuzgmnfgsttmrdimdx,2023-02-10
859036278,2962277096,5,ntfpoybrkuemxotevodlqnrbolxhxvsmzfbrxqgpzdywkkyhcfukkuss,2022-10-17
4062510264,1237424330,3,krrtksmrlfkiyocfdiccnckwgqwertsetdiypjgysfqfboqqkqrrjjur,2023-07-20
3425694405,3484933015,4,mvyuxwiitjcjqtqbbvywuxdtpavkfhxesyvnojinoorcbnjtvsigupoj,2022-04-27
3114523796,4093626373,4,jbheemzonqpnfguukwghkyochumbmvsccvadqlrxjxccozfylwmwzkbe,2022-10-30
1597535006,3305917971,3,bjzusqviycvazpcicqhysmwzqveuvmjnalradzsyihoentsfaajjagkn,2022-08-01
1612152862,4269635854,3,zvaklmtutatyosjqlvbqmjllaktbdttlostkzqmgyvkjpyffpbykksfc,2022-12-03
2132868361,795517452,5,jokhaoaqevyodmllhevxiddjzgjpfgbgavgburfxukgsddjtjeofdhbe,2023-08-31
3560220041,2367984748,4,jdtvlphfnzgvcuivqlocoswqfawruiizoonyosjakysnsqujurzzxyjf,2023-02-01
385604722,3354210625,3,xrcsltifkcqskuwnsngotiobhzbpjpufzqvcrszpdplxtjpjtqbhqfvj,2023-08-14
2627998523,693200618,2,mynffucxmghimutanqgzrjcsuedzmttxnpwqzffhukyodpyfsnhjcjgt,2023-08-02
2085599455,2548108431,5,myuyiljxbsihjxelcnbajtdpuvddgifpzljbtbaixtgtoidijreykdxd,2022-10-03
2102782610,2524164501,5,rdhzhmozwjsomzsqpyjkigfyqtizmyswvjbpunakshyioimmjyqfubdg,2023-07-20
2013944011,355073381,4,bratrxvfteacomatppstieropplkryxmwichfuwtnnhklakumaaxraab,2022-04-05
416345724,147336937,4,dtktmjigiueqjnbiexqesvofkmttndvvkntjubvehygoaslnxfmqsije,2022-04-17
402539690,451591866,5,tvdnbitfjrmxltyahadtetholpyhhpvacwufgscfekbyqaakebzwkzco,2023-03-12
238097361,206924644,2,wkyqdqgqnypdgobzntewtdfkkrhjynfurmewlvnfbfyulnpyeilrslak,2022-11-01
2070505012,1782627165,4,wsdbehtqgxncpuyjonoahzwsusncaxktawyjevaowvnlrpicvjgztzfq,2023-07-26
2493020153,3099049176,4,aqmwhqhfbpwzbqgbmyzyqbylsjowrjrclyyqpijimhxcanbujwbvjtsj,2022-03-24
3214344058,1871534877,3,yfscebeequbqnlwetfduhamsvdtugbnpdriftdkhamyqmxvbrmwmuhcs,2022-04-29
3917064284,1840333906,3,mhtqytluaubsdbiphxabdqvireravexmwgniqvnctympjvaonxdymibz,2023-06-27
3445730828,3587781023,4,axxnqmktxdmviesvkecgpkksyplmgssfrawetmndgevdoubkynmrglkx,2023-01-10
1392100445,2282770637,4,rfajyppfkjevgvinxvrlyrxawclxkhbozhvkkwjlqifbzsaidkdezkpx,2022-11-09
1783471120,1740021201,4,jjeztecsapjsvzhzzfxksjgslsguqcmnudgjaoxxuylswhbhyuoptsvk,2023-01-05
278945804,797782388,1,hicpngblhgsrfauwwqyeehtdfqwzfcbclbxbtpctaskluaxwssbxczuy,2022-11-10
3388525784,2345817293,1,zpzuuzfsyaucqzgwzskoazaoutrrxvxywyyqtsfwkqvrrsikkknsitrd,2022-10-25
908270675,2651573213,5,vlniezqgzgukejjeviomfykzoimtcvhfzomdnsgiytbijmrmazkmxdtz,2022-10-13
4016924323,4164980623,3,ddxdqpjmyplxezgmjerscigquwbvfbjsptvenuczqhmkjkanhtudxprm,2022-04-11
1912633758,1009563676,5,owmtwvkqdcutkycdljxacdfghdbsoizhlrenckhvxvqolgxbkirmavsx,2022-09-14
1392600254,1556706313,5,gcltnfobtzsqnysfjntccfnyhmlywsqyqeqlcgzjlzlinjlzufmazhyx,2022-04-29
252119059,4264450384,4,flzfodbsneiipgjvvblbpubuyxpkufxjpepwwnrrnbcwzgeajflcggrh,2023-01-10
521612072,3605561229,4,bzacqtuayznefawwwgkkzrbbtqdgddsxowcpiraimtvrdbvtyrpgbpsd,2022-04-19
3595667078,184745482,2,qatsdgitvqgqlqijuqewlcalfigxkzxzenmrvsxeysiaphmqtinnmrzt,2023-08-23
4164868859,58763252,1,woguzzfgqdeirnvcrhjyyiytzihtqfgllinppupbeycgjqfsqfbnunme,2022-11-19
3128155155,4205410754,3,wvhelfkoolroodidsyumgovhykuavqmbdhuajvqarfhrxmksbrbhnyjc,2023-03-29
695462313,3771839276,1,vhncnqqdgqivmjdwcxiprizjpykmmrvqdviglvpaygwruzvdiikfdapr,2022-06-04
883322856,4068894872,3,hyzrgxjsxjmnbsgfedmfnjshpfgdluznhdpsjvbgykqvtrutjrcztlor,2022-12-29
2140994056,4283697386,5,vwleszukvnpqavcvndxgfylurnyhxeqmnypvswapkckbwopvymssfbro,2022-04-03
2942621442,807495182,5,dblbbumirisdndteomrkdntcsvcaoprenblaiehvorybmdljdrpwgqwm,2023-01-18
3308171010,654536839,5,gjnvsortgkdcxlgdpnovsxoufpcixkicbomsrjintxcyjittxoxrtwcw,2022-11-11
3521022020,1623082680,1,tqtkqrvdapybjyovokppasgsftcrsdqngjgfvlhvfoptkwignsotsrjo,2022-11-25
2755697390,1492773634,4,snlbghyhrpdrjxbcmsczekesclkiiyzxgwegxulvcyvfodgmwfzqoscy,2022-05-31
753452318,985021363,4,vvvgavdhjrwjkwgqimutjqmlkoobngsowbppjkkcgfclsybbfppvoowj,2022-11-18
3852961508,1826933024,2,llcbefpmevnxipxhoebgflmrfzktjiigtuyudluprhwkzihvmynvbnug,2023-02-28
574198519,1944516786,5,kaunxdzdzssyemcuqfbhlrypbehhetpldmnzlgdawncfogteckljktxr,2023-03-21
4133293573,451591866,2,symypuxpkaosqztqqathordlcqesqkvsautreukxumozqyrfvucxrnvs,2023-06-05
1595075142,2367984748,2,khqixlftezjodqxvjqfwknbttbkroorkgwvabuxfenbohycbbyjuhiql,2022-02-19
3080387870,3882682291,1,iktedcgvreuqlqapggmbseowooyeysirlouiijnqrzbhclsrvdwujpay,2023-02-06
3995229523,3484933015,1,gxgxhgpbkuuvglzrcfpkyfjdkgbdgrbyqamagbfpcqkdyestimxsxtqq,2022-10-28
2773478680,2651573213,1,ujqkjwegpcdqhqhstzgegzyisjprzyjwhpqzlibgvcbjyvggvrorvpof,2023-02-13
3328676725,3236360684,3,xybxiuzssfnnsdmcijmjgumpeefkhrosnqpvvzwqtjdoznohchonkivx,2022-04-20
4166806897,3376616060,1,jplpowytrrxeynoictmdxymngdmtjqbczjeojmuqbivojlknxftuysqh,2022-11-25
164344279,1173910807,2,mudzzoqpuvnqwvrhulbiccnutvzileuxkazvvpvixcpcfgsmrkbflgbb,2022-04-24
2470149081,3605561229,2,evpkdmehrjljgdeqjfbnkaqcglzhftuzyhgxvgtugkzlvmlilppcnbxr,2022-04-29
1055899314,807495182,2,dbzkuecvkaqzwedfrhrgdcgistmvmooiengrkpwnnszgqhtdvcbfyzzs,2022-12-04
352987628,2371520178,3,uyrwzdwxkekfftkyoqszhxuipgxrgabftoptuptjpbwrsrmlmbfjtxqt,2022-06-27
4045324308,3316847074,4,igrrxnunlomembdvynwzoegdfemhtssyeicpqhgulwhmgmkoslwuynct,2022-06-18
2789415095,1782627165,4,ploztpufrstsniyyzsilsqltwbrwwnemljrlhxatrtfdtnsigbkbtgud,2022-07-01
3770658225,1840333906,4,kaybnavjdpzcjousnhtvtgqxqjhdjkojpktcspylqivqqivgrqqwxdxv,2022-08-19
1069698095,4205410754,5,lnqtzryksrcklqvjwmsajjxszocyllshjhclnjpoovubqjjigeodonmd,2023-06-18
3427359739,4264450384,5,sfrifnzfscaawazxgxemumuwnyjjwqmldsrsjjxswmkiotatujaewfoh,2023-02-08
1344302970,2548108431,1,thwqwdfllmuykrwwewoxuzupsfmofubnealzoyhwnawadkurhgvggylo,2023-05-23
4095770615,4239629693,1,xsvfvtpakogoytojflilqdazbqbmuxhhszqhjbmkfyvruuppiwfjfttx,2022-11-11
2322707144,1623082680,2,akmrstmkqryduprosggsntajmdirskusoixpouamowxnnynptwiserav,2022-07-11
1709365890,206924644,2,ibqfdffucuulrbthjlqtxehftpkjlzledtwbltkzavmiceazbdatmcyx,2022-05-25
601103540,1623852546,5,eavjztyoowgytobyjtjrpmgygoevliicjsfqcgbiccsdpgnhhqasamuk,2022-09-14
2410329493,355073381,4,qdbqrcnzpywlwhmcogooclyywnvgojdjaiaxikjdexjdddcazgxhdytz,2022-11-14
2732876205,3305917971,1,jpujvqczjtrwvecnbyqzinkfplasroptsdlnvbhgamdbkqssbmrjylld,2022-07-04
3020437755,4269635854,3,ujhpiqdlmlxvdbprbfwkydnwqoieasyntdmkfcaddeoywblrgtsojafz,2022-11-22
1183384491,1237424330,2,texixejldpnxqztstndrvhoxoatgmpxlwbmovdaktddgkebfivaerxgp,2022-03-18
1579801154,3667618575,3,sxcvjimdylzewpztqunqcupceyygwzfhzljeacdktflbgniowbukpzqb,2023-06-10
1164360674,3030264657,5,bjtraqmuydonhjdikaxeuwjotaxzzsftbvclbiqhvzhcyulwaiyjfghp,2022-02-04
3637762552,3900816437,1,xzfrbsohsbfcujvrzxadiwzzuyyoyeqnwqffpurmwpwcuujmnugvznbm,2023-06-08
3092626063,58763252,2,spxwjqxvlejebrmizhgubhbqivfikyksetpvbaxfephzoyjolecvvtoy,2022-08-21
26141205,1397006661,2,krdrkjvuyvqkuoblydwijphiogfydijabkcxuamfvibuxnfhqoaovcqo,2023-06-18
2143457579,2792118618,1,jcbgnuhklnzwvlzrfccgnupphbwincoimhfocvorwmrmmabqgcsrcggp,2022-06-05
2126426640,634676415,3,bimdnhdzvpltavetdcsuqzfwobusvrsmumzrifrogoflxfwxdsdnjxgu,2023-02-12
1027857796,4093626373,1,egcvznwdkdhkehryuftbkbkkrhjgnjwcbzzuowqgkkyofzvuqcqbcwqu,2023-08-23
3509459698,4283697386,2,cqujomdurdmbwbabiiekjcbigpdvikaoyjjcliyjedhhqxtfuyvghsyu,2022-03-06
527751454,1656097016,3,kneyxeuvncuoiuvuwnkkiwqoexytltuhodrubozcgwekyazfdqdgqjkj,2022-10-04
3090666518,48283740,4,eazrzergmmedhtiqxwbdbjrnzgrpofllqdgfnmpgeumvtmvonvspxkpg,2022-02-13
3271459521,442641724,4,ipimfgdjnhorsaaqumfnuppatclqlkwmvpcvtiwynzukggtyjryjzgpo,2023-06-26
1625393342,2282770637,5,ypqkcfdmlwfjjyckfucdxmxydxsromhtheqwocokycoiuqzdspsfvydx,2023-08-27
1033570445,654536839,3,wvibiayjkwpsibnayrcinpkceylhcpwwtblqmyqkeidqdflpoosqojim,2023-01-30
190221858,693200618,5,euldtwrznwkfxuuzcefqeckhqlmoqrxzbevdflygdgstxyynhcixleqz,2023-06-30
1040409360,1740021201,5,gxvcimuewhjgcgiskbwzytqrkxmaywridezapabsmrtzalmopsrgznvx,2022-11-29
1902140084,587365749,3,vcfzyxwslnxmdwvhrqunetrjmrmyexoagxcxdklumluclhnsrqjqovhr,2022-08-30
3773084612,2764482113,5,zfukvnsyggsbosbixomscxrgkrwlzctkklylxhhpafuqaoqlyptunkhz,2023-01-15
763221980,1861370304,5,mfvtbefojoqdeembkamivimkyfrlmcqtqrrjdfbdqxtcwdswwvyjbzha,2022-08-05
1199535605,2345817293,3,xixkiudfxzpwkvnrahymsddwnmrahfserqwapxxywxaqmhynuheehdwq,2022-03-03
52751176,1871534877,1,ewnmcuozvharqbefnekzmwasixzscuhwzsltikkctzxoomuvgzvsxhpb,2022-09-01
181757888,3779017061,5,klzctbiufxtlkrgvysmgrnpftundorsabmobcrxargidsmxoxyqwthwf,2023-03-19
1371835871,147336937,2,qjmvenqqcokqchtmhaqrlnipcosbhagbnkfdysddfkbalymjhsywzwkh,2022-11-18
2474212295,947614626,4,tzpxxlxcskcbaklygfqfkycnzlezwgfenjahvdygtgxorvpfhahvjlgh,2022-05-04
1376280925,1826933024,3,vkgiklqqtsdbkvtmvotyqrvyctmokfgmbinhdpemouktfbbmgkukryyy,2022-05-02
3333606774,630406814,3,dycbqdvrkpcqqbgjolqfnaizxypvtkjgeeviorpbvtedjhmidjlghbtd,2023-05-12
100160159,1785347879,2,ogthsdsbzjqdcgntbhabeqxwdubfprxsdkiirstrnzyiekdhqpufdyks,2023-05-30
253399320,3130831435,4,szixssfppbubppyvwyolsdihtljtffwrzmjwyxokboqsvlxahflagrvw,2022-03-10
1859718257,3771839276,5,lrjrpngyumiareyoktpdrhaqvyzvpecvezipcgcbjhfpefcvfkscjcak,2022-06-08
1668926018,795517452,3,uxinezmumcvzghtjxsglxuxjjpeaxurvspkzzlshitkgivdapoeubcep,2022-02-08
2331981660,416190263,2,qvqjtwnriyfedxvleejerqqcuemloxpulthmzxzhnxalpnxujauruwby,2023-06-27
2458866882,2660450269,3,bnuozoobzldrhvxjrhoajkquwagnmswsgpkdizydxszhpvswghyaykdy,2022-03-06
2977409079,2962277096,3,biswndgaidcpphycvusjvsjpiblekdlamhiazulphnqpwhgigfqafmpn,2023-06-08
1513943081,3099049176,4,rxfobabtrxwsnvnzysmnkuewesmkoankecgtzqjbfxfawfecyhinhmiv,2022-03-24
4092310676,1009563676,2,itxtsrvgbjjqnbnhtijfwbcywamjaxgmzjzdmwtnztaxvxrmlfzbyfts,2022-07-15
2013104233,2312139917,1,jyxxlcxgjditfuinhmconbyeamwqrcifjaxyrjimhthcdtilaitficju,2022-06-25
629417325,797782388,4,pnplffonchotufpvskkvqnvwayvwhxfhtsncdodpvbtikidymzkuyafy,2023-04-07
1508743109,4164980623,4,xpweadkkdzecwjytluiaquckvplepdfxdltpmwocqxakdbczqampjvze,2022-04-28
2753446256,3587781023,1,xwkzsotwmjgpfhwfgrotbdeyvlxtsyynfhijlgujbghwclohzzkdztqp,2022-09-04
2585028328,1944516786,4,hlehzpnlqdwucqhydqwttzaajfhdhlydsbsqqoqxdlckhafmyjptwfan,2023-04-05
3851670586,3708035023,5,pftogkdevfiqguopeusgtobhrxqzxtsaybgywlbpfxlfozqehkgjkxrf,2022-02-28
3307017975,17628709,4,hunvwewazobwfiydtcgjgcnxyxeeoirxodydmekznctqwhzwhnrpkzsb,2023-01-15
2484663256,2524164501,3,ejifwcyrugyiqwwowczpmkhqaoqlqvctpgvrfnotlglnacucoezsdltf,2023-02-08
603258751,1556706313,1,ejkvlcqijguiuhxjxfrbdhnxsjibpjphirhuwrizjvuzjcrabrstctbx,2022-05-14
2374188360,1364726777,3,nifmlbkvzxuvdgmsunkesuiiymysskzehtqsqwrfbcgftfflxcazpnaz,2022-06-10
460117363,330127289,2,zhqjbjbexvltivbqqyhkvxgsnfbjdxitpyloatgvbdnirzqamvwcbrzt,2023-01-31
1578786020,4086599620,4,lrfpeumscjoravljxkduppryjbortdrvbwsmhydbdmascbbzypuxyoed,2023-03-22
1635033209,2635222784,4,esyhgvuhwfqacxmndmsmlozjdvadmivhlzlgyuxxbuksblnvmuivyieu,2022-11-17
2449399164,1601758565,3,femgnpowmfnxfvcdqrpaogwzcdpfjmzxftdjmukgkjubylpgzawbreac,2022-12-22
4082330014,1491250973,4,jjqtlkbrajfczjpkjtxjmoqixrvadsmnvvgmjylgiupcgvchhbxkhuak,2023-03-08
2429412665,3785012349,4,kmfvohmlpijfkhblixmtcdkdxiyrljmsodvseqzrzxdixbrxoxpiygjl,2022-10-30
3184598120,3215097654,1,wlaqmodwwqgypddmunslrlvrharxuyfwhyhsxiyqjariroqpvrxzjcyf,2022-09-05
3575352843,4199568268,5,gbimfswlhmxlsybgiwxajxxwwpapmnlvbynitrsfmkgcvbymjssfsrtj,2023-02-28
3366970796,184745482,2,kerxqetsppenfrqirsfetdvxfuumilglvfizbqdlheudavnytfburvwb,2022-11-26
3250860902,119018178,5,cwneffpwrkbtfbxuxgutehfxdwagmjpnxawrvwetgspawnxdithhnccd,2022-11-03
2641031275,985021363,4,ubgervhapwfmiebcqxwusgnezosfzdbbflpolxnlbuumgpotlflytlar,2022-08-18
3809579660,3663582441,1,taipvnkjjwivctvbteuzowsspepqfmcuvwmifmnkdxqsdjmkpxbehshq,2023-07-05
2061623113,2805864242,2,fclmgcczhtyupovwcegnbhmrhvybezwpzoljfekmugmymgjzvdbtrdsc,2022-05-26
2569031760,1492773634,2,mwtnxwaimbbvviabjidcrqujnywkkxquaxwmhgggrpxbhcrgefswfmhp,2023-07-07
782655947,3783136360,3,ltfeiqxvmdhauxaoxavucfbnzizkhjkumthdjqvoqnnwdhyhhtdwfgqy,2022-04-11
3626405574,4068894872,3,eagxdvouaemqwhskpbnhodmkgikxfaleeqbbovzmtftvtepbcmyeirhv,2022-07-14
1674315318,3354210625,4,pjfjheobuouhmuskycuzoaqukodabsrnunbszeqkfafwcbpiznobsbrh,2022-11-27
3744619298,3554321074,3,iysfcorzxitodhbftkodseczqkhbeugcxosxaaschpzcmercwfuefhjm,2023-01-19
212012524,2794476931,2,bksxvtfjisdxnbqgbiiqmouuzaxgwwwhvhwfgtzdppbmaeydwxckythn,2022-09-03
979585377,726987033,2,atvujnwnslpsjydjcdbcmdfxakqxdtwzmtwonfzpabyfwiemczgjijrj,2022-07-24
1849261422,1278217312,3,skrvpgyixcaumqcmujewqcigxymuomhsyjitlhkgxmjikbnmkpnifshi,2023-05-19
2177862930,1564203669,1,kagsjbawfpyvjvyqntkyffumpowhzfczptcbdianciolvktphgtazxoh,2023-02-22
2348699393,3781441510,4,bnjwqguyctcpcuefsmupuytzntgsryntdfsgvcaapzohybqvhuhlvahs,2022-11-14
748872753,3074361417,5,dfqodruahjsfllzdgiplrntclixnwazcevlrrsciybbazzxtiviwdril,2023-08-09
3480771758,3735892107,2,jejitawfandiolxowukohrvlackqjgjgoewokrsswbyhhvrucdpcfuta,2023-05-21
965388177,3306544638,3,ulmcgveyjlyfmhobzrlecfrlafxcddpwyezpsjxxwtttbkvivwoicdwp,2022-06-17
2053993463,1504465705,5,pshzfrewmcshybceqnxszxwgamwysksqcoeecafakzjqkbkbrnthssdb,2023-06-08
3328944517,548699023,3,ffhkveiraqvataewdiovfhkknrgomzgnsdqpfnzngmkckmzvlscptbot,2022-01-27
1525685016,802878909,5,quqnrocleoyvxqgeluhrtxzejedibvcvrlzukytvqliapxicmpqzicoc,2022-02-03
626243275,104034090,1,moqrgrmzemtryxjjokagxfhnzrqelcucljmqjatbhtyyrwbsrewfkzbq,2022-02-24
2826759574,3735892107,5,zadjinveqgnrtiwyljezasindcurjaxlhdjaiffthewcmixtktqcafex,2022-09-05
2201305677,3663582441,1,onsshqekocdmvneesdwtinvhgtjoupfrlvejoiwtxwwcewpcazyzhduj,2023-07-19
3047649662,1492773634,1,wzcsqithgibudzzoikolbrbuhlpopvcnwdecxetvmocgkojxlwfjprwa,2022-01-31
87549351,3074361417,4,yvesbxotuekxppkxcolffckqwlrsdhcvjirvqwqeozkbxwozhpmpaftq,2023-08-15
1641715352,3667618575,3,fbjhdhvsoefbmhnacgnrgoszpxnmmghuobghckvkogvzodohuhdsdltk,2022-09-13
1794577240,3484933015,2,lstwyhlxnlobakjtxtmonjkmeudzyoowpggxkufaxnewewazkkcxadtk,2023-04-28
3463734539,795517452,3,ckjajuozdethvpgpxstwdmnmsmkvcdoflgqwgkqwkjilriamkgedkzfo,2023-02-09
3045220039,1840333906,5,hrtvwzfmzfoxgdclulfcnvxpozicwdjvsjislwbqlodxaowurpeywbfb,2022-11-12
1355417749,4093626373,5,nyxxptrwudrwvrlxbinvcyhmtbfxefblugjsotbpkvcoudcgqpaipwod,2023-07-15
2684230487,3236360684,4,pvtizfurngvllwjbbbbntdrjciqmcylkxhyyqlgqfbpvisfwjmokvlco,2022-08-28
1756543456,2805864242,5,cxkgozwrpwmhrdsufpdynmboehsyazbbyqgamkfvkpzozufjmpauqxvb,2023-05-31
1268935638,1504465705,4,bbyjhpekypawtsakcgzsdnnapohkkzybqyxmhkijlyqwypdjywtwzxyf,2022-08-10
972822678,3316847074,4,ecflyszqlfdabxsrwumfabjgtlovymivcvnomewvxomlubuiarndydqa,2022-04-08
76146819,4264450384,4,enzzzcefwrkaaryshartapkvxywapbdkopybmhergdtnwfhrwmldmfvm,2023-04-13
1006376865,4283697386,4,hxchdhdilftokmddmoxpoygkbejfwskqzebkekfrxlxbwfmluawmuvkx,2022-09-21
645893776,355073381,1,ogqpxqqmbodpgskepkginhwkitpvtutdqvfwyfivbsbgttfilmxavscp,2023-04-17
2917062203,3605561229,2,klsbdftpvvamgobbrkizuhglrimiigzslolvjipakgfthidvopnrmiju,2023-07-09
365897686,1491250973,1,xpftjudodxnwtbagylgadwspordlslbskzcadppmeyzmajofrkgecvlp,2022-06-04
2127645132,3900816437,5,smvzbjrujgmabrzgbximwgcddtsflxhjxrilbnniteklywhmecxyseav,2023-06-21
1909220822,3554321074,1,lvruytqvtkzzormrlxihzstjupawlumtmlbmlgkeypnnkdjqaglzqdcq,2022-07-23
4239556549,3785012349,4,gexostdvggiuwoecyxyisgyzisxhggdmavregczdbwrcddtarbvkogjv,2022-01-29
2970283188,1173910807,2,kykrvntxwatxbzhqqhnctxzpvljfiddakmdajwndnjopilxlohjxnwqj,2022-09-07
736514605,3781441510,2,efxkxxtxjwnmevborcmbvfwpmmubwwqvbtsypooxuxygtdhfgzpjpfqg,2023-02-16
1654028191,802878909,1,hcchdyatavzoccqxqcholgoorrcdxdxwjcdeytudjvmhtezvqafrjvgd,2023-03-01
3816754715,2371520178,4,hexslrzyzwugrnuhpypdubjqvyucneczqleuoaghltapiltnnuqqdgqs,2022-03-19
524822311,2312139917,3,qkfqzokfsegdivwxsrwhytianpctmkcfhzxchkemjblwuvfhnlgsltys,2023-05-27
1019726114,2345817293,5,rqzmewyqfwhzostigougwujocljjbcssfachrwpzebozgyixbvdidefh,2022-08-28
4247455549,184745482,1,bytkfkyapfzwiuhifmtxkmqyqselrungfrfouxxchljcxopssnyhynfj,2022-02-25
716921763,1397006661,5,pwyixnckoovoorumgldcmvpwmmriufhaulynynosyfsxbvgsqpjxcwgw,2023-06-29
203871943,206924644,4,odxzpxscxzjlrubssrlekbrnlxzsmthknhbporouoifnqqlekmyaiqdb,2023-03-08
352318814,4086599620,1,xqjyvlohutwdqyyonbwgjftwjeixokdivsbziuoyqjtsjjobjzvznkwn,2023-02-17
1885937788,634676415,5,ibhfgympliczpnwyjtwqphgequoutwcstsdycvrtqisilsgtrvtijmme,2022-02-15
1411635285,48283740,1,ebmjgkurbwdmaefdnhmohhlhxjevvmcpskisemociezlltddxqgaufcz,2022-09-28
3404800608,947614626,5,gqtljabkpylmuyecjmbkqmrdxthotzfentjcutlwlxltsmsuqpzlptri,2022-09-06
1018504838,3783136360,4,wdnweptbtffgaafdancstaxogegadnddrcyddkdzaxbnlzqaffkxdwqs,2022-03-07
2816994427,1785347879,2,chzndcbhizwcnsfeebmrcahlmtrqjhywhucwmxvqlyrzsotwrcmmptcx,2022-10-10
4268337150,147336937,2,jwbxhtylimabwcuktcmzdytvmtsiennxvnrbrsqwvzlobtyjwhuhfuxs,2023-02-14
931474216,451591866,2,iexxdxnldrsoxtowblrblezrcyvulmaclsltjicpsqqqpvvsollozgks,2022-03-16
1985974842,4164980623,5,dgsytewgvvjhmbhwubxmzrfyvgxaecessemsxjsfmctlbdjcbaxswhdw,2022-03-28
2842720217,1556706313,3,avlhhqjyzjtkxozmijevosvtdvaewzyojafoqhgoxldrmkfeirwfjcrh,2023-06-27
3848190730,4205410754,3,erayepdtivnrrhepegcvabwkwbzabxyqkkxdozzvganyewjqfnpqcayj,2022-01-21
3951432751,3771839276,4,fxtorguohvfdgknubmmkdbierdfgrzksehnwinooepsxfkzhpautgrdz,2022-09-30
2192245497,1623082680,4,rvshbgzrfxjkulmlbzpzmbilxqvnwtswpnmojusemzwuxsofhfkxnwis,2022-10-09
1198142431,3354210625,5,nmasheruaoajyrveptklelltxsqgivzvqidnavkklqvahnarncdetstk,2023-08-07
2025333313,3376616060,1,kmhihjuhuvtsrcifxawhetzqhbmzeqzirlfwrmqpcllvudyqoafpjjor,2023-07-18
3625635233,3882682291,3,mftdlnsflcshfagvucgcaktbsmlmihmrathkijdlklurxkxawqhncmmh,2023-07-26
1920474749,104034090,1,rzfeuxdywsuhhlwxggovdkccvtseciveuvirncfyqxnzwxwckfhgccgy,2022-09-08
3226189731,2635222784,2,apdclkijzatdaqevqnzhacbglwdazczwezsbsobratqfiirnbxlxiwdc,2022-06-10
1454896501,3587781023,3,uoucxsaepvjowbybctcfnrfttjzttlpydcoguebjdggezoqkrhutsffn,2023-07-09
4016166186,1237424330,2,jccuhfjdtuplbxqdtjvarsychstnkuhfwrbmznxtggbyrebglbjnlcpq,2022-09-04
3818120322,3099049176,1,lohecfyjahzsjcwplkeaezhpaxnsjajkcaihnswxbuwlgdukyfwlvnum,2023-07-26
945959554,1656097016,4,cnvuzryflwiznsjwarvzhsrfqblcrqhdknsaqvwfhallqeouakwfbnfk,2022-03-12
3245059131,3030264657,5,wfoirdbwiiapvvsgyrxcmjuidbghyzwcyvsnzhsjurxirzhuknkhchrx,2022-01-22
2635653186,1364726777,1,eqybtlvbaarrrngjtcrjiyeuedauujsvrmafibfbhpqxriwkdcynuksc,2022-11-20
1235628868,330127289,1,osqqalnjtfiipwxamrhpfoyhqpatvyxhoodxnddaqzhizumwrfkmycui,2023-04-18
2013918547,1278217312,4,lhoprtgbnokspfjsicyvatpwjwtqwxpnxbhzhwxiiunylvabklfrwzbn,2022-08-12
638419632,17628709,5,ncajtaympxroltlshjihgocncmqonyowmdudljgwqggxpbitgayhetmz,2022-12-11
3188609734,654536839,2,enlrxxtuxezwntqzrnnrnvsnlexpoxecddzervhppzgvfofrilrimjvl,2023-08-03
643999724,4068894872,2,bhyefrkcobyhlizvqgksbdnyxfcmwbfxrzkqmaeajhxxyxbguirredxo,2023-02-11
1349718759,416190263,3,pilololojixhhygpnawqdxtbymqsrqkqfvyjwzsjazzrsipgwwipnmen,2022-09-05
87689840,797782388,4,qwporsjheglrrrmgtzyuuoorsbszrrnrxcimldpogunbukzukijogedh,2022-06-09
2486054470,4199568268,1,jkzogsueswcbscxdxojndalempzbyurduxohwhhibwmynbjjdasufome,2022-08-07
1046249714,3708035023,5,dkplamalqcikwrsiuxnngygvlsimrdjpzhfktaisgcbitjwxmqcbmgkw,2023-05-31
2378973549,2792118618,3,scyimfxymapqurmyjxzudlqtrmlinitqxflidhwzfsgfirjmmcfrdpbh,2023-08-16
499855592,4269635854,2,kwoivrdlemwbumfytnoxbbsehuqylsylgnlwwwwahipggciscigqsyuv,2022-04-06
992021364,630406814,3,qnykjjyabvqorvrbnuaqyvnejgzidqxhdviaukwrijvpboewbfjegabo,2023-01-20
702108353,3306544638,5,fytqbuunkqybcrjhifatnhgdpyydzgoqdbhtbqtlckikyhmilxntkixx,2022-12-21
3787993017,2651573213,2,wcbrmulnaqsgzbzcqpfzlrxnmvkcqtufojatrgtlsuivggtntibxktgt,2022-09-16
777821342,2524164501,3,azpdgxpwwkieojpzdxbvwusiaelgeamhkkffskfhgbeqqqbunpbresgs,2022-09-08
2699589607,1871534877,1,zahbggtdbpxfnkgoycoemgrrabierghqmeyuyyeljsebseubyndafxwr,2022-02-02
1193836053,985021363,1,pmjdjlrbjhnlqcupxcsrzifquszylsppksktpobxhxoohhmzvxufvtyu,2022-03-31
462584975,1601758565,5,guvfwpameseoeszyuaphruhhttythadtbtrhjcrdgvydmqbvguopoefd,2022-05-02
232969589,4239629693,2,tlhhmjyzpzvojpkcxhdtsnvatdmvuwodxnmglrforrfrtjljjlczjmla,2022-06-13
1288843474,1740021201,3,wlriuisydwhnbpxeyapjtpnlnywlvttwdneutylcfyuflazrfzrinudd,2023-08-02
3754457979,2794476931,2,lngclgtcrvbthdchhgecynveqmjcdysepwmkeqkztbjrkprqryrmkbql,2023-03-08
2101117318,2764482113,2,wvbilykgwllnycawipfubzlgeymkncxukgyiuzmtnajeebahqyndimxn,2022-05-06
793468169,1564203669,4,twyqxjslghxzjxucegcitummaqbfkptrkhhuutnqedwjxalyxtqhifnc,2023-06-21
3764018780,1623852546,1,wxqpujrhshthoderxachjhxiyagwmnaqiywhezmphyqdlictpgqeumiw,2023-03-01
3570579897,1944516786,4,yyvaaclbhyceqroaomcitadzvphyqnxustvqegatigmfzjvseoxwhbqi,2022-02-24
459373467,2548108431,2,wqrbziedsodsyyogczsexnnsdgatizgmkkawzxohcywoqityhyqhnyvj,2022-08-19
3383310378,807495182,3,xdjwtnxhlgjwsugkqqpghmehhmsawpisjvwscmhfntwaagorrastjfxa,2023-01-26
3534161948,1861370304,5,kxnzjfzslthdjpvcknupaabdzxxvhgzjaizsfxcyeaecuesaseylaqth,2022-12-09
2732939186,587365749,4,zwqnwgudallxsvunonstymxlnzlhgmorugcvxtrimluxztxtyimrlxtr,2022-03-31
2351270282,2282770637,3,ddkjfpgwkjbbxhsavrvgkbobrxqvjrqhuxhwbpunnlfqvllmdejduipe,2022-03-31
1820550057,1826933024,3,klbfworjpbuhhvvowkusjgrwplofnwiupnrxhirjltwsgbvtoggvnrnf,2022-03-18
1422561753,3779017061,1,bgqqnudaeuqslnxcpxplqldhfungunrtfajrvrdqskyhnfwhsqxykghd,2022-07-27
2262768966,1782627165,5,wmoqllvfrficwhgpldlmvbloqeolshbgimxjacqqbpwpwlpybbduvqil,2023-06-21
1008960196,1009563676,5,nmobfodrsmjcjvlhmybuhmlgmhairmqlioiciebjzfdeqbemkvxdfukp,2022-12-14
1266336992,119018178,1,edtabbpfzsufhenquvutgbjjekvuxubepvjnnhvkdjgjzctabjmxuhov,2023-06-12
3630007739,3130831435,1,fmpezlnmjsjwdbnupnscnlwmmafsvgomawghnbxusjmtaqgeffuhplnv,2022-02-25
2000122510,726987033,3,hxekkuizdltymdtjpkajhwpnrfoevhdrwqgkuigiadytsbsdodgtbtlu,2023-02-13
19896258,2367984748,2,rwizhyuiotcpkarmiwujbbanglenluxefclpzeqcqotriopvfdjzlazm,2022-05-07
1313357282,3305917971,3,blqvzvdhgupwchnzxvxxqmbmrimdkmdehqchqigzaoeymiksoibrvfkv,2022-06-09
2753803842,442641724,5,txcdxybvbiutxfmnberkutzmlrbpkbsahsvqtcedkzpgjslsrlaopjvw,2022-11-21
747346384,3215097654,4,xbujfapykodtlgwsvkfxehvsigxssiwcqhomfjtmzzipccszqcyurorq,2023-03-07
330512718,693200618,1,wxepztiyxyjbpjywwawrflszvbuxlkhervfsfzjnvutrugjreajlmatc,2023-02-21
3037857445,2962277096,5,fhijhdfifbandwqsqcpnwfupksxyabiqxlahelvludaahemqvddycztx,2023-01-08
550601394,548699023,5,tlcdxjitulfecfaccefhhmzjmohypbldahkcdjsdafxbbxgxaphsenfo,2023-06-14
1116743316,451591866,2,hiwpoqagtrmenxtqsjojpdmktpabrtwsjydfeduhovhpepymgtqijbuc,2022-05-21
3110249429,1397006661,3,cuefckjcqisjjmtyayjtjiqwwwbafpvavsjkitqcemdigijoedinrrup,2022-04-07
2321244203,726987033,2,blekuuuyfjmckqnkwdgacybangwbfwxzdalvfcomtietqikztouyspkl,2022-05-31
2422326137,2345817293,4,eshcsniiexczymklqevutzwvtecgqaztehqupaofwneljvcigppoqsxw,2023-06-18
752620715,4164980623,3,cqerzaovfqrkybcnpgholsrrzomdwuchfsbtkflgudsnisdkyobaszkx,2023-05-08
150548254,3484933015,4,mvumnfhhwgoavbkplalnwlvtxiczdejszgkihhmprgwzhzsoyuttjanv,2023-06-11
2052774367,184745482,1,cfdpilrcbhdwuvobnfldadypzlgiwjqdczqnghiuyqvxfpirttmordbd,2023-04-08
3346160263,3030264657,2,biazkqyracmpnlhhrdyykbrftttvedjrxmwrnlwpaceapyyyabyzvaum,2022-06-30
1072988540,2962277096,5,ahgtbonzeaaznsojnhjeonhdztasqjfplwouuexgzxbnuetheexrsplp,2022-04-24
3202989865,3735892107,2,yqhfbibzsqycxzbvllrhprforvpnagneeryhqddznfjfnqiamsvdosfi,2022-07-11
4226244400,206924644,3,aavyiilppsocrmklitvtyzsvoewmquobxrmfczumfbfiolaxvvkucqza,2023-03-31
1272874148,3130831435,3,ttkliauthikbwardgfpqmfcigmiawwrriotalliwjmdfspmudgnspquh,2022-08-20
3327741219,2805864242,2,wmopjavytletlulvsmamwgzhofkdhycpioikzjipcbbwpjdyqbbznmlj,2022-02-27
3429471641,104034090,5,ehraiebzkaxlbiqgvvoqqlaldxasletcqzyzrqkqczxehthpvqdgsiaq,2023-03-24
309986804,1782627165,5,wepmqpeuddefjhccouqpisqpvplghkkkfbyjujnimcfsrfgqiennsorr,2022-03-10
2076930088,3236360684,2,jgqupotyfybswtodvmxfxojlftqfojhipbvasziaxjfvbasnisgvumum,2022-06-05
2390152741,1491250973,2,cqdqbspxjriqqeajhpeulmxfherppgdhqlqvzdjdmmpeyjfhpjfdwbvy,2022-07-06
3384470548,797782388,3,tfgrloetmbhpblbryciypeufjgaoqzenkjwcehmvunudgbtzgedlvnje,2023-05-05
1399527759,416190263,5,ferofliwiangbjqyuugzphmdwkqenxnnplyjwqitjihideacknncnmuz,2023-03-22
69877898,1278217312,5,dhhmfgkoaaulidjusxngrdatjyzbhmriqcqtenqicadhvefhhhuexbze,2022-07-14
3749817920,1861370304,5,ccfvadfiapykhcuouhzvwrkhwjldijrqnaneinliakcacxjybcnahjli,2022-12-26
4363704,3587781023,3,ofnrgrhrmxgrxmpmetihljuuoqnjgnptalzybqbkqqpfkzrzxqblptrr,2023-05-27
2892291891,2660450269,5,gdaxkeafxsbymwmyxrnsrgavtkmbsczunlxmzctkxqapqztjrajksafe,2022-02-14
1497558767,3354210625,1,iebabmwlnztlkehdeqqkrfiwabhtkrvtkpvjurqxjgagntkhxzmpkxtb,2023-08-10
3145123648,3785012349,2,cxarieywlclgfjhlqcbsxozjuoylwmhnbzvknaymwhjkxfxeduejtxnt,2023-01-26
2263434004,48283740,2,irglblknhmfjxbdwuiwrezwivzfgvxdlkuihroxbjyztlkqykzojjnks,2023-05-26
3192050629,3099049176,3,rpwrctxvmmieblrttnsxcnyjvkbuhhmumicdxfqhlitpwfvsndrzkzwb,2023-08-24
2667962369,4068894872,2,jbceonwzpqfmdfovaebqzrcrmvznbgwhcznnusfrugocgawcsgsgbhoq,2022-08-06
3240517293,3215097654,3,hnhmxlyamhkvofobkxagecpjknkrvgcoihvltnnvmquuqloqlzbbdogl,2022-03-05
2905061577,2548108431,3,ihsaypsxyhdtssbmxjxdfklfcpnyzvukqrmijhqfxauuqmvefcdwsnsk,2023-01-21
1816578631,3882682291,4,ppyqsjejzffsmdnthhxpblyatdypxnspqezjewqiqtnpbxqhjiyalqdp,2023-09-08
2758179563,1871534877,1,yjnduscrponbgaprpqkycdzkppphupprnqutvbenqalxvzgadelrywje,2023-06-19
2552083594,3316847074,2,grohzhfbjmtyigmxhzvlssujvastwkyxcydfiefsqbzplyrsdojzbfxt,2023-01-13
2845446641,2635222784,3,cjvwuqsoaocukpcqmivilbjqfmpcmahupbzamhvxjqlkhrofoqsjbqcf,2023-02-25
1160626485,1840333906,3,fpnruafsmlasbxdisigddduodahsipzihapcfvrdayodoracdrwpwaef,2023-04-25
879867512,1237424330,5,nqrvgmzoluqkijmesfcfwzkzbnxfimfgpfonaeougbqmhkzjmorecbuf,2022-02-23
2278871387,3554321074,3,cmihajuwjxdytmsnmitkelnawrvdqzpevmnusjawhdjjkewfrbintzjw,2023-04-14
3983870356,1601758565,3,giucpjvlueqhfgeqmdbftyqlubyodryuskenxhzzugnvhegyurpvqitw,2023-01-14
1053114025,4264450384,2,vfeqghizzwtckbsdoxcuchwdghqxjlgdgujyimvjowvvbbwmftqmcdhe,2022-11-02
1691565948,3663582441,1,djdqxdzeeodgmmoodmhuzhnorgxtbxwrmjzdhxkmhitoxbxpsrjkosfx,2023-03-05
3061946980,330127289,3,dljknxgajzvczkpqrtyxfyqavsiykwvqjikchtgvztruqaceqhuodbtp,2023-01-02
2708843333,1944516786,4,bkmcwtmkgtotnkahyjulayeiaescvcyxvjvhvqdqazhekwqvhnbdlfin,2022-04-15
4070575453,3779017061,1,zukkvegiukrdludfuurcksncqprcwwpqqljuefysacpbxiqsljojtusw,2023-09-09
3750943313,3781441510,3,igrcdjbhporzqzydphlsfvuzgrpirfdwlodwvbsfwjdmsugfrshhnmeb,2023-01-01
4241162335,1504465705,1,ljehzebckggxcdkinejqpbrakxlnhspzmnlqlwmlkiefsylydxqwlnqs,2023-07-17
452081748,630406814,3,kmopiakdlkcgznuaezebaecuuergbegvhalmrbczbufhgwdqzfpsulbw,2022-07-12
1084774671,947614626,4,dyafwpfuouzutvfnphvxxwlynndnwjtnwcvahysgbfiymntjxptqxrgq,2023-06-17
1038138505,548699023,3,yvfmdcbkuelrpbqvhhrtbbgeukhstzhgknjawbrxyrflbntbstmfzazi,2022-09-25
245938684,1826933024,4,xphqwbvpikzqvhtvcbdelhltffydayvxghnmeeawygzbtwibzzpzpwjt,2022-06-16
491792089,693200618,1,gqicsxvycpoohpnzmtweebcmvyzwadgmwhdjypyrqnoptezggmrkalvc,2023-09-09
1683303816,58763252,4,czgydofgasffsnaqkjaecwfyxjvlgdkaybnhuxsnmdouevnzxcamxgpq,2023-08-10
8203014,3708035023,5,ctakicsfslqlopqswfhektuzzplxyiwzxmplpoksayovafaeicoojpco,2022-09-28
23678006,119018178,2,ittvpvvspkexczdkghqvtcrgklszjvqycjxiotkcmhegjzvkncmcbisy,2023-01-26
3264568810,3900816437,2,llndicbsdivixuxcgmbfjjudpbcxbolwtqyiqqkufrmoxswrotucivkt,2022-12-28
104076212,3376616060,5,cvoxiyfllkjaoytjwfddjmbacnbethqnhgyyktoipznuojbekhapgrla,2023-03-24
2213916523,1364726777,4,hukmjdfqpermatzvlnizmxlxrorynouijvwevjorwugxmydyhwjgwkuh,2022-08-08
3942075229,2524164501,3,jtximcmjkbvoowomhrbognyzuyhsezwbuftnezgusnqoaijqbwzzjurc,2022-12-12
2779855002,1173910807,4,dyhyytsavlinogqsogvhfqywlomklehporrcwxojhjabmzgtkdhttczn,2023-08-28
3534574685,2371520178,3,xlhpnbmgzbncvdkydvmqzcryvjswbkxevknscmllxqbwytkvbxfvkbtz,2022-11-08
726970972,2367984748,4,lmgsiyaipottwitjizxdoxkusqdihqwyidbltprdcvalygphkclenxon,2022-12-11
3980365117,147336937,1,burhzlhmnfwcximfhxhechjjhyrvfzoonxqigefxheajdqwwvstdazzw,2022-11-22
19474704,985021363,3,lxxtewrmahtfopmigstpiscgutigihmuwrngomvgewlyndqbvunkixsg,2023-05-31
3283062515,2651573213,1,tarstfrrrcscadfrxdiuxysurlufdtdmklxvboczwvkettirnqvdfhtv,2023-04-10
2356275206,634676415,1,iuxxnplabwrkjmqyqbwelplmvialxferngrjgvimtzkikppifrlpcubb,2023-07-31
1243026738,3306544638,4,naqqrfrkevptddjettcjwtycwdysyztorffjfhvbblkcojhipzdfhbiu,2023-03-13
4120634991,355073381,3,qlygpflqogbmooujyujbfasahatrklvwxzirzvzwscgvxnfcylkplwon,2022-02-22
96404867,4086599620,5,rbkomqdcaoserdsspsripccmpsdfvbxqajhpfdgughujpppehrisuwrr,2022-10-09
2692872501,1785347879,1,xiebyjdtvyylltnpkrexrviqlalhyrhffmdekbfcuaylgoqrcmsikled,2022-06-18
432016571,1656097016,1,avkgenfhncfzvhamncoywwjvzbaiiffkbtyubspnhcixfxxhgmvdmcrj,2022-06-16
3313219881,2312139917,1,lwnhhiqvuzhpwglwvxmmdifasuxkcszeuyyeozenalglrllcbxhuplzp,2023-08-22
4153102185,3305917971,4,hhpctknddmecikjsorelucrjuazhpbaqqdetinrcxsebtqzvaxkhjndv,2022-05-24
3305170296,4199568268,3,yqqqleqnsiuufhdjnixadauuqzofkazvudsxlhtppcukjjqhgucglqbx,2023-06-18
3748358109,2764482113,4,ghnwjrestopebgaalxykptpxvzrmovqoogbmgbejjjgiaxfamaoparez,2022-08-19
695043635,3783136360,2,ijuvakatwsldnhvurxzzpvygjyyeezhzpnxrgyqgkcdsrytmqmarrqpq,2023-07-01
3513687611,2792118618,4,pphyovzuqbeewvqrisnzamgelwfjzrckvimbxxjonotbgghkepfsdtqf,2022-01-28
1370854662,4239629693,5,edlwzhphteipffelcuhdjksukmxpognbhzupmxtvmapknuaobjzvnxlx,2023-05-21
2504394624,587365749,4,mpavdozlrxiloskfkiinuepubhzeftkwnlnswcrjqmgifwrthotwgquq,2022-07-12
2785306399,3667618575,5,dufplqunlchfqqqtxavddxqazjvvxwtifhupynurfkhmagmqlqacgxel,2022-03-31
474567576,1623852546,4,rquiegdmqxhqjzcuchyjhwjzzjleosdyhpqupxaiszghoyfmudnzpvvs,2022-12-28
398854152,795517452,4,tsnycmjggvftvgmmehxzlzoasnmsapcprzfqymdhvtafskxjdwppdmod,2022-04-30
2289664759,1009563676,4,wckrlefceemstfwbbqdkioowfredmdrsqrinctdbdfafvzzniyiftqfk,2023-09-04
3628454619,654536839,4,wtaxetfgouaysolxmjwmkcbfmoowcyamvlikzjfyiejtlhgieqaixisk,2023-05-29
681563151,802878909,5,vcdsoscdlrmcdvlqbzkbcukatqhsedyanqfhpxtygzyllmqxlsmdhymc,2022-02-28
1125130061,4093626373,3,hwakyqipwqeolmipmycrgjradwqkxnyjqidsrdbbwundbkkunlmvkiet,2022-09-07
1684297292,3074361417,1,ilsovfkzxomngaynrjktcresknulqgercpfjwdowavvxptlrnmfsenlo,2022-07-25
1984942469,4269635854,5,ufggygrmeoekciylsazrivjtynqkqstbfgnwldsuarwsbrplfzscqqts,2022-05-23
3132857049,1492773634,5,vvsakbrdxqoriufdrubhepertolzjoirwkxtcbufzbyfmuzqwlgzishd,2023-04-06
3936174296,2794476931,3,liwspvxoidtvrckiupunylknwlhofktjkmcxnfviewzljisiiqjmkqnr,2022-08-16
3289473148,4283697386,3,bgiboorzamftrxdszeihtoevtqgcbvodxlcaqtqmekxqmumshnanifgz,2023-03-17
2763639806,442641724,4,wgjhszkhmfrzadaanxncfumhnvekhqthkubmhefnxqjyenqyrjseuohj,2022-07-17
387621447,2282770637,4,wajljeandgfwlbkapnyozpvzwitegxkqquombxtkenflilopovgqjccm,2022-02-01
2964785863,1564203669,2,wixokofgffuircmhutpwfpawboiizlkenviwvhqawktrdkxrwlneapip,2022-06-19
3335438009,17628709,4,zipyfltbzjejieajwtrvansyxzwkprzvfqgbdqlpgpfkenlsvhzsjmkw,2022-05-06
21920336,807495182,1,hvqghtrlqxvpkdxxhemrdtenlhdhwpqqlxdudvmkpdzkaebwmipowntw,2023-02-20
858848214,1623082680,3,kvdlrwskakrvfcmxqrcvrummaqlbfijvllasjyfpkqfkxmhuvvzmskmi,2023-01-02
1074354738,1740021201,1,gaapjgijrhlebpuxxqtnmcuznbgefubiekwslewfkyhbqnburoeqaddc,2022-02-05
4216933851,4205410754,5,qzwqqrglohqxpiialmwjccejskghgxyfglucwllwmidszxrzlrycpffu,2023-01-09
2427524864,3605561229,4,cyujbjaawegjppgrbmkcewjpxdowcrqfmncvfvhdfjdixkarlpsirvhw,2022-04-28
180853207,3771839276,1,ymmzmbvqtaunezqvxdqkhltgnkxhkajudaldxkdaysdjmkhzhmcduzxf,2022-01-24
4098743444,1556706313,5,spshtsarrgjmojgxozvtvheeohlpxhewpbqqkeemuiifksdndeedgprx,2022-01-23
576017910,2524164501,2,bekqfafkknrvyfrrpdbcymnmqlilpgzzsxtmtpswsrkzlmbltpwqaora,2023-04-24
2818177227,3236360684,2,estbqzhzrfaxjvnscynqpzotinpkxyfcmhkntpyaaxfzfkvbvkearazb,2023-03-28
1981355703,3882682291,1,mibdzhqujhddpqmffmeaylosutggzobkurdihflnmnjparjauidakmeh,2023-08-11
2551790695,3771839276,2,fcctommforruqedumldtyoefmckhjdygohywgpnsnujhjjcojegoyuvh,2022-08-03
974649736,2312139917,5,icjxuumooftbqtyyxildyqwoxdvyploheokhjoliersgrocilaxcqbpx,2023-05-04
4189507764,4068894872,5,xadesjdsybxetfesybqoxeikfsimzwcazzjutzfemerxndyqvplrffpo,2022-06-12
2574683159,2805864242,4,ksgfogelarkqtutbfvzynzyhagxibddrhtdxtsfxflidkwxisemzhgwd,2022-02-27
849562588,119018178,3,utjxxxzwdsxfjuruwgjbalfadhctqjgfghthigkgivvkfvzexuxzinee,2022-12-29
1547081121,3130831435,1,fuycbechpybxxxlcnudivywxqtquawysbovopzysmlpjcetqpokfikmx,2022-10-25
104727526,1009563676,4,qlxvxnjqikjrxaoimaretwronmrvzcectktrltwlqaraeukjabznjrjb,2023-06-05
3541740442,2345817293,4,mflxelcftkfusibndgwkxwwiowpyxdxqoybmhjxtwkwfgeykwaidqgok,2022-11-21
2432667235,1944516786,2,ydsikdtwqvrumqbtehydspddoinuebqqgzqajyimghmqwttdyytcdzpa,2023-08-07
4139121575,1601758565,3,nsgpolcdllwdsiggdieivmnouaxybesqjsnjmrvqihbfzikvqorqptau,2022-05-28
1251188511,3215097654,3,ajiwhgpubceycvpknixtriyyrlvxqcumuccehobenbtagxcsgktmqhzl,2023-08-15
3691634396,2548108431,2,tybpcmjmrujjpjflslnrejadnqfdpwmvrolwzurramvubpciyosopyie,2022-07-05
4028611050,48283740,2,xshvkapqemgxxyfszrpjtdltvxekvwekqnkaegvgkvcgouudcaubcrej,2022-07-12
331099964,3484933015,3,yvuiyvaqnhnthxauwonxjjqrbgqtwjpdnizosoybkxrlfkbwliqnxsqs,2022-09-14
1922279806,795517452,5,pylsssaaovlahhxiuebfinaueoxqfpyuhybbbknulcpcqcocsqrfullt,2023-03-31
2304722399,3779017061,4,bxzpanxkslzyalrbqjbwstgaspwexianhubfcubcrmkonpglccrtosli,2022-07-29
1657319085,3663582441,1,ospczvcorwviculsosyvpkrsxzkktszodzwaubhswoeeewcsoygurzcd,2023-09-06
3897240730,2764482113,5,jlbzabkmhiaiponivecdoktiabcqsxnqgxpdvazwneyklyudyjwnwgqe,2023-04-03
2692801931,3783136360,4,ihbrytldzkkbxzzoocdqzqnkufmdrjapneqtmxvqfcmvftocqohmsxdn,2023-04-22
449229004,1492773634,3,alzydxxcndhnjxhtqctkbxpepaxfbzqestflpwbpyxiyruohmogfxwqo,2022-10-06
3603424611,4283697386,1,mchzsbxtksqovisghdpviltbnaxqwznypzaycieisqvjphahelrusfry,2023-01-20
2298292919,3376616060,1,jfhbvlmihevyqfpddrktbyhopoylwhgtlsqbazhadiuerhqhmympsoam,2022-03-06
3658079163,1564203669,5,nqibuwyjmupeqxhdkvtmnkhiftllrqwxofyoebqzbhnxxwcgmkiiisms,2022-03-31
2393653568,985021363,3,wpyyokyfglufarznkarrrpyetnzeuvjsiwplyteuywkshvfyphwuhrxr,2022-08-05
1937046890,330127289,3,brvfqivbgclbujbudhxywnfasowwuinovaxgaibodtdokfuvrbafeqes,2022-09-09
3553858853,442641724,5,alsogqcnlalauofulejapbmarlyrrznwwpbsnyllxrlhvszgsfowapnv,2023-08-10
744065335,4239629693,5,wsiwhjybmmzrylfqiqqgonwgacsvgvzzgzaxmwnmeersthayqydfhcmk,2023-05-09
2907011078,3305917971,5,uyadqgklaoezxntuuiwtgapexmsdacnovgygplhjheuteztiqxploxtg,2023-02-21
3558938831,1785347879,4,ztitfcvybuyswueamzpzrxuftadtzxxpfsfmxlwjuvgegederqbahuxo,2023-07-25
1303210103,1278217312,5,jwyisrpcrqmuvyicmgdewegxhuyoxflyksxfeyqtiwisbptkhjhtaugm,2022-11-19
3909807068,2371520178,1,rcdpvuskbmxpaqmitcbjmdrktxuxiawjnmqlymqtnpbyqifmrwklgebi,2023-02-04
2892486302,3074361417,4,imydhmqsxgovwhhwrormqwktvaoqkcoovzuejxloungvbswdlzwrpkjv,2023-05-04
2350772959,3316847074,2,dwbcmsereziopmubvdltulltmhmwpnuanoyzdomjshyzvpcuwphzepda,2022-10-26
759837744,630406814,2,zljrvuaonlivvapeklbgbqsetljpeinebnvojlynmfmhzfbtjmsvevnu,2022-10-10
2288384746,1656097016,5,mvnabgmmnlmnsejvjziyqhnjrvvdsrqovvigspjzljgoumdozykqkufx,2023-01-08
4050548832,1782627165,4,juekazsvehfqywrejubjheytnbtjxgutxxfnpnqpsaypwyjpyrvfedcc,2023-04-11
3546584494,2651573213,5,iulxsnalygogabnjtorihrubthgfznuzmmshuukdleqpoaidlxonfngk,2022-11-17
1091734744,58763252,1,lcqisifdraryaaymtbucieojlubznsacfutfqmtrmfrbmcifaxnmadzb,2023-07-01
2190967087,947614626,5,ewtmsvohujxjebpmmiudzqabbizmhksqdgagjzudannjmbhqrdmqgfjh,2022-09-18
853555676,1173910807,3,kgoywofnqsttwtgwzwkmcytqxgoikepgmsjffacbocswxaubjohempjx,2022-02-06
2858482836,1740021201,5,cjlecjhyolrmdvofzxwogdonuegvcetmavcqaaoztmbxsulchggslkhx,2022-12-07
1205571896,17628709,3,myteibmejutlswycghxxvqpbjatpxfwdvpuvyytjdilwabbgvnrgxwts,2023-01-26
3606407007,2635222784,5,klnuleqcbpbxvktvvxfgdlpuxxvzrfqrgkouwunayvkbmnvjlbkxyewj,2023-02-26
2886606845,1364726777,2,ylvqfdzngzewloptaahnyhislbotcixxacnezmsjpxtctjxhokcpqfjt,2023-03-10
347064617,147336937,1,jmppqxcjebuulngldxoydydrylvtjlmvjhqcsmwkjwmmgfuvjcvlitzp,2023-01-24
2975516200,1504465705,1,fwnlzfbqgqlprnajfhprdwfnfonwlsbahtjthryhulsmquawwsrvnjry,2023-01-25
321598447,3735892107,1,azutbalfnmzgxxlpqlpsjznlpjftigvcabomcgcpmxdwjaimsluoqyrp,2022-05-13
2146636954,1237424330,3,yharegzmtbbqcegarmpjnkiiouynyagqaufutbseumeswczlnvexzmmj,2022-11-15
3691048350,797782388,5,hynjpoilwdquioqzocfwtqvxakllfwfkvqfcofrsibcenxtkftjvothw,2022-02-04
3917629578,807495182,5,frgkggdzrlkjzpodpqyjxmaxdfgkkllvrjufeghnjlozeehrankhtjtb,2022-06-16
3149945812,184745482,1,jvujazdvvcbtgmdzbicuovyoxombgkefcivuihcufrqxjgwpcjhyfkqi,2022-11-12
3546620018,104034090,2,nlozmauffbqsdprufihtrmlqykyxbyuxwixzrnmxkridqehsfjdlesay,2023-02-20
592537291,3605561229,1,fnqpkpuerahhstegfrznnpedsdsnfgvnoxoebvpijtohpunimuhbhqlq,2022-10-13
1198620601,1491250973,3,gsouwchfzhwibdlkdckqcmovczklxivmqvqinhqlkdmowkwgmlasyrue,2023-03-26
790242211,3900816437,1,blisejyatuuwwdorgkqzrluoqsuecckosorfqsqojanhqifgrftiiauv,2022-09-22
1126301578,2660450269,2,sldojpjiwwmqfyrbvxoxntlpbhrtfyduqujcsdmcndnmbyhvplbwgdfd,2023-05-02
3740684781,416190263,2,ikdjkolsecjdfwyiwnornjtrpwmprhlsthzehakpsdutpaxatiuhvmwa,2022-06-22
541608995,1623852546,5,mcfvmzfqigmrxmppotzftcguvzudrvgdghfoozncvbdbqwhhogfghlhn,2023-08-13
2257916986,3708035023,1,cvsudxjwiajhjdivodalavnqfzxsftjaxvupzpjptpgkjtxfxrbydhlz,2022-09-27
2970904487,1861370304,5,tmtdfsvbobafdlnmdgmwwjzhlucvxuhihzxyudlsdtpttegraqtvauoj,2022-10-10
4125393519,3099049176,4,vzwpbxdrkryhbeaxuonsyahgoarexjcvevzylnwatqvmkqfermijtjrm,2022-09-24
2194070735,3667618575,2,dzufrrpwvkswsmoyhcitohjmlqxjxhjqeybabhrmpvdosultfrshygdu,2022-05-18
2092471903,3306544638,3,bygwuyatbzouhlsqwtvnujclvewdbdndnycjhaxljlntykediqjosdyt,2023-06-22
1532802357,4205410754,5,klloixxzelppnjofdofwkzaygzpvfjnmnryhromjadiifbhkerktpzcf,2022-02-26
482671630,802878909,2,dltpkbxzdnlqkqvnnftybhmsibyzdtlheacegiqsnkbeisetsoqcifzb,2023-02-09
4135553991,2367984748,4,khocgmhylnpeqoeiakszuenibsbimrzfwvbetkkgiauxwkpebzgcyjdv,2023-06-16
2057980883,654536839,4,cbxtlpuijxkneoxvwtqwvsdqykznwwqutuzycoqgbvuhssfbqnxnurwh,2023-01-14
3598575460,3030264657,5,aksjjehfnwbmyvlyhgasxicbuxfssukkvbphaxavriniuxurrlctmmnr,2022-07-27
3801880364,451591866,5,dirrwwlpbedslhugwanxnqfiineloodaymxwuzttoyzxcogunvzqjwvy,2023-08-03
2251474513,548699023,1,mpnjqoagwoeqgdcvoowijavthxfjvweinfnambukkjctpltjqjqkfuwu,2022-03-19
1315568515,2794476931,5,dprlosjxnfeesvxrnvguburbkqrqthtinffiooneahjiuqvtnjciexth,2022-06-05
3740621928,3354210625,4,dkchwgjpqveqbywvxubxuypcplpzzjoscnqobpcuraoorgwpzmdtigdk,2022-05-30
3097958918,3587781023,5,tzrjmfqyeygsprnexcyhykfzeyruofdnnhjfatzzlkywbjajifogntfx,2022-03-08
2520328051,4199568268,3,indskmoanbuxyjuisnfcxzmjsnjwiwmwilabllfyfowrvpreaxalrgqy,2022-09-26
1293842427,3554321074,2,csiccffnbelrocvvlzfdlxdbhlkdrdmbdjrgnoiouhzjlnomghpyyyet,2022-11-18
1609511652,4264450384,5,gnjyifuesiepokvbflkbraqjfcxyinpdlgozywnfzvalletndsbdbahh,2022-07-29
4284018581,206924644,4,xpzzyjffhquratopkfmgejfguatxkrnrdlqkbsjlxwvqrvmhwlwuhpkj,2022-08-25
2713923571,4093626373,4,iqmabfnkdrtgftvfyjnqudmphgqztkbgrkmksrgokjtumlwfwavfqcun,2022-09-23
438061333,1556706313,4,zanihlmmyhydpxisrnpytoeymlyfmemztcuhzvvsvdlggidrksadfprg,2023-06-13
1017675149,4086599620,5,mzlrrtzaoohbizekbaiflzcwfgaihfbsmlcyrdvchgdlcwhpjbculaem,2023-07-17
1970462590,1840333906,2,lhuzwmanitbvrooxspaqsnicajrwbqwluzghpfbkhppfsscjpwctuqvq,2022-05-16
4212314828,2792118618,1,qihfulklhfzikzunrvodkmjunmcaqiyytycpjqcctubhvdrkwwmhlehl,2022-10-16
2331503338,1623082680,4,eeeegtwvfmdydvappqttdutpnryaxuztzxxqzlwzegxivsnaxzjdecim,2022-06-14
3060524946,634676415,4,gavwljtfqhneblvpqhwmdhcuhhhsivcakesweuwknwboktaqnchejjfr,2023-01-28
3105091326,1826933024,3,kqpodhleqfhdxtdpudfippsivpehzlihjsbryomtazrlqoejblzapxzi,2022-06-03
1811740649,3781441510,5,afisiwenpawwwrnqnszmfnrunreafyjehamwxzmimgepyzdojmudoazm,2023-05-06
2791211592,2962277096,2,vduoidxzhhoxhneocehmxgiczflteqitrljawqcerabnjfbhrujhqkzg,2023-01-30
289697892,726987033,1,ppgvhiopbhzfyhuhajlulrewunhpxndpirkqxesottaxpokviyxmfmce,2023-07-23
3226610852,4269635854,4,esqfwfueenctlswkrgebbusxuiwmfrfqlmnouwzhzhvclbrbqegoytsp,2023-07-03
1035947592,2282770637,1,brppnpprtsesksdkjxiltutzgbyaeevuwaqsnbevgrzxdkulxdkjkghl,2022-04-21
2013025823,587365749,1,sxcouvfcsxlcrufdylyothqzxuxxvpicnucwmefgdizzrxgsfxeitvwp,2022-06-16
1192870366,3785012349,3,ysbvbkylidrzkelzbbpundakscqxjhexkdvlxudzzkracraazyxtvrbo,2023-01-06
2715343022,4164980623,3,rkchfceuzrrjhfuzznvwlglnwgkifehdkkfnrgigueufsyatcfbhookj,2022-04-27
784650523,355073381,3,zfjohzgatlxcmetjuxaokxdqzamvytippslivqzzhkkkminqhzjlqujx,2022-08-22
388919762,1397006661,3,qeceedoljmjtsicdfitrrrlpgwyfnnjvlgmqwydtbrghggrwikngiykf,2023-05-22
1307553923,1871534877,3,acvhgthghkxgfcmvkauqgmqwiptjihxregppbvlwcdrrtloxpvmthtdn,2022-04-10
4116583327,2660450269,5,dwrgrmxfjrdlpyvnslulaeawoyrllmppalyguoivtvyjopvbehohajig,2023-03-22
2003083463,3785012349,5,ffrjyypgtfkhwhbbbgjdnxofkyljybqrnlwhfpfitcycylrmdnjkqbln,2023-01-01
1336639775,3735892107,4,iucsvojnhcpyjmrjivbmtrbfcnaesvjebxrhnozmxtogluzwyfwmwdyo,2022-12-07
2506830816,802878909,2,yowbbnlwpjemorfvffnwsudhjmuihervnsoirtzyznayxsmckhosscyf,2023-02-23
2302201757,48283740,5,atuwcuvrqqyopimaqvneaijrglwfacgufomicxhgkrbenqezrbuqwwpk,2023-05-04
252868701,4086599620,5,yxnxxfgreeneyeuxsijpkawelaunlwszpuismytytoxiyuofudvrlvtl,2023-03-28
3669991415,3783136360,2,mblyudanwlhefunycxbpydapakdffqltsfxwzrqedrseaaqunpiutbym,2022-03-13
3130897831,3771839276,4,mqfxywvbkajilubnyrkusvztlboxswavtchhfshknuttgvfhtoktpbff,2022-12-06
2962421930,4164980623,4,eqfjqhjdvafbwpmchhrdxkoghcdfgckafkarounxlefrfsstpxdlpazv,2023-07-03
450980110,1009563676,4,pvsjphexjoveekyfbitoezezestgqrzvzgmdjtsitfvdfulzatwcaxab,2022-10-02
3462583797,1740021201,4,vakmxydhayvbbyiwpyahirqljixzfnwogtdtqbexlqzqwwkoxsiqambv,2022-04-26
2943640934,1785347879,5,gasujppgmrwvdujmghffmglhzeocxwjlskrenevnmegfnkcycghmcriu,2022-08-29
1459676977,2962277096,2,mcqddkqndxcbsuwhnbkwoqeuiijanmlcoeshodnxvkrkjqozurbnrxun,2022-11-19
2421282530,1623082680,3,ysievzzglgyjmssndwdsavrwbuqobdnijralfuyadsduibdlcwmxyftv,2022-06-13
1936191323,548699023,5,wbdlpmacmuiyjbxkqwvhpqxwvpghizychjahrmdmvguvtymlnicbabvz,2023-05-01
489503743,4199568268,5,pyrdwbrdbtvbexmenmlrhqsyrlilscxsfteaxryudfmftohrssarwwuh,2023-04-13
687136787,3554321074,5,xyrlghpmlptlgkrxnomtejmkhzbzwmampbkvjrdpqgfndaddsmbmlnju,2023-07-09
2919178522,1861370304,5,zmpphkvwihbigfgvrqnbtzskslhsuagwphoqzrwgrwllddxrydggnbdk,2022-07-06
868716802,4269635854,4,fxzdakgmarwzmdiupwsskzwthoujermqemqmzaptpeywomisiehmqqzy,2023-05-25
2529551927,3074361417,3,ygweyeiuxxwunqrjyrkyoctmwcrsgttcgwkpvxotzdgwbsnzwvlyntdl,2022-07-15
3522268060,2548108431,2,jumbpxupqjnpxdowgiuacshtfhsfatgemyuoprzokzfggmgifdghmvzn,2022-11-09
3407472471,4068894872,3,ugvlllclnifczwzgrlkhetgfbiemlqluldkceolqkhnuzbdbzxgdzrnp,2022-06-13
2762208893,3882682291,5,jdmdhvwapmevkhvcaokrvxdaklmhgeootzqtlnpksvxhrqmyknlguooh,2023-04-10
1649323152,2312139917,1,sadnvesqkreatsiprwnwlbyfdpooqfbmemvdhipujlgvbdkbpvkhfvwg,2023-01-07
493508423,1364726777,4,nrkrrodkkagnyoxyvjylozarzahmtajbpqcwecbkpxqqssdulmajxine,2022-03-21
1693552471,2282770637,5,pdvqjtgetflbqcafnasrdztnwbezelrpnoepdgarawpgaeqaqbybrofe,2022-02-15
2328549647,4093626373,5,tliijxuxtiksqrosejwmdsqilxtysvnkxiysijmwecsfjbrgqtitwmwm,2023-01-16
1906354501,654536839,5,hycnwvlpwtqmuypkntfkwhkpptflhiicspwaukczepugedhdwjkvyjew,2023-03-12
715620136,807495182,5,joehjcrqpaxojwhgthdatjhymwguqxxkfskwjbehgauktgsxaqibcicq,2023-05-05
275362112,2367984748,4,gaaevwrumeegluxfupuxxsqyzswaucgeqqvsxrmciasakqxsudmlgjcx,2022-08-15
2066490633,3484933015,1,vepfguxbsdtlutyljeekoxymplnoxeigynfmrrehwndjwarujebrqipw,2022-12-09
4201191929,1871534877,4,rsefounookstwajnketeaoboumzwcpoebdbtysauatrpcafkjcukahzr,2022-03-18
118464053,1656097016,1,nehnuipnmgcwrthfzqlmvfqqpbtewksyoojfycjhlffqhsmufemrbkyi,2023-05-13
2733818102,1492773634,1,dzzpxkprnjbtcywjgokffguadsemuexopwpgviluycseitoqmbjymqbc,2023-06-04
3616457537,119018178,4,yudaxhbvnxhgdfvqmunqaaklxqlxkkzzdjjrhoccenpzfszmuctuadog,2022-10-15
543259833,634676415,1,tlqbjveedhxnheslqlfkikvfxbzwhcgcxxqakozdntzscdglwvodvgfn,2022-05-14
2007581598,630406814,5,xxbnyihbwhunafyaqaqpzivpvovwcrkordgfbyzaoddidjnebzvkozys,2022-08-14
3846146524,1556706313,5,plaxghiangfetbctmkrwrqqzfhwfdqeksbvedrdtvkdreuidtxhaonzt,2023-04-28
3161297187,1782627165,2,vpmdxcgdffyfsqmtrmczphhimnrvpheopcwregucqttshmgfdtrqekqm,2023-09-03
4196746269,1601758565,1,cglwzxvecbmrfnmxbehydgxgcfwrifnvyfaqnqolngcdqtmamceuetgb,2022-03-19
1711736373,2792118618,2,ynhcyjwwaztfijgnbqkdoiqzhsvofrlhyoagxnboxctzcxoldxkcoysq,2023-02-20
4161042811,416190263,3,llpytcwwcxxdggrxvmpsvctulzevrqunqgxzanywldosxtqdzuystkio,2022-04-08
3718156310,3587781023,3,ypvsasklwuczcndlvrijmkacqpvbypbwlwlurgucmnrlqdpflztmhkoz,2023-04-30
3711339923,3099049176,1,pbmqdxyyezorighzcybmorhwwklpizfuuewkfcymehlutqrcmurfsutf,2023-08-10
3900533139,1564203669,5,ilgqaonisulhzszxyaivldvpynwbjhceosbcjvuombubmleezkfizcfo,2022-07-06
3278545671,147336937,4,tanizkphrjqiwokajdyqobwgckcefortpryxfsrcimvuavynxxijagrk,2023-07-06
1171891743,3215097654,1,dyeepmuvorwfrlnaeyehkamzrfwrxsqvaazeaiqaumltrswcdnfptgdm,2022-03-29
299779707,104034090,5,xidgkkwijaebcqetkkhmjyobabaufsoapubtxzkwjamjvffbnlgsaqwc,2023-06-01
519709653,1397006661,2,qltubjlxmizmmzrbtavsitplilmpyniadliombuyycnxqdrkpiryfdmw,2023-01-02
101858062,2651573213,3,kkukucrahdowjuqmgxsgyavyeylgflfyvpopvcysrtbmvwhpvunmkvmy,2023-07-05
372217507,1237424330,4,tjzgyjbxhbdxrfeluvbwlrsztyagxnpqxgwxwodmwdeyzvvoiffzxbqg,2022-11-07
2245361520,947614626,3,sdvhrevrgamzmgjzimuexfkebytqsdaxexyowyhkmoigjwkvlglapokx,2023-06-20
1114900339,3030264657,1,elpjyrsbwthanzbxtidymuqdzjtldnxafazmqdfeqwqodydcsirtrdei,2022-05-31
3053233565,1491250973,2,saizowoysmandzrgobomaxcrukjdzpqjjkostmbpdrrhchrwsikipnqp,2023-06-03
3058858014,3605561229,4,mcedzezxnmqmzoicjnmrkpnizqlhkbfojdjohcqqnsnqgmmtoejpefvb,2023-01-05
2662434940,3236360684,4,fcgpycsxmucjprrytmtrwcnmuolfqktkdrhgeallpolkjoaldsnnphxm,2023-03-22
3790316893,3354210625,1,kwuazjfteglmjfwqxzvdzxolycvxjpqakjukjwlzsqavxkbgsmznbszf,2022-11-05
456305871,2524164501,4,aojrfkwazlowwsjftenxbhccoismipigembmapnqvxazskfrppoapqcx,2022-05-20
2119103911,3667618575,2,eyxgnjqxeizvxmzcetmijqqmzfdapwrjbwgilduzsdujcazsincjsazp,2023-07-05
3896833194,1623852546,4,kcbfqnggwjamtsebehfptztexwhloxvvwfdsizokgpxakssvnqayxfyr,2023-01-19
1839516552,3663582441,2,eejcdgqdiermolypeeivcdixlemkqjewtywpddasocqnsscrctymzodb,2022-11-30
4000561893,1278217312,1,mgohmwyfbzaurctdpqnljtenqqoucrzzbkvwirenfnmoajxvksylxqxo,2023-08-28
2222161508,1840333906,1,gyxdclrikryydxpgfbvafmkizjqtvrzchmwxucvdqxomwzivwmiwssyf,2023-04-21
3365226201,795517452,3,podnojlrmucmchfaguogodomlawgxzhassfnibinrdnxkooonkyddabn,2022-06-10
4287423523,1826933024,1,anlgzoxjgufewngrowcusmmlftctbtlecpizylxmouassgpzwyqdeqxj,2022-07-16
844580403,2794476931,1,kuhfzfglijoycfltvovylsvlosjlvnjvgfdouixxitzttlhecyivlhai,2022-03-01
950078959,693200618,1,xxvftdizoyjtackcfgjllmzgbpilaxtfcquqakdlbyqqimelnivxnhgm,2022-11-12
1711392560,587365749,2,rmkxvdebmmehfjkyuvxxkjpvxvobyxzqejqxybsqufcinqmxmauxndmr,2023-03-14
3255163167,17628709,3,ksycntxgczfaeezvjevzuapcvcoszvmkembuwqfwlwwlfzyorghapiht,2023-04-28
684088933,3900816437,2,jmacmrkopgwelefmulnxvqzweddirmveashoniufgrdoootvqdnptpzb,2022-03-16
387274956,2371520178,5,bmlkedcfslwyyhzzmhhoxwmswyhlhranxjdtjpnlrvwchuyjvteqoujd,2023-06-30
1095109928,4205410754,3,gaxivtodmhwzxxlguanksylgvahtkjpvyyqkzfuotwsfxbxhwoueswve,2023-09-10
3080812326,3376616060,5,kxcrvyfnhkaosgngpbbthumprizerbcolvlvqcgjuuosmmvrnpunjweq,2023-04-08
557090797,1173910807,3,caytypidyqqadgqoawttxxblkyqykbxdyydjoxqrnbcpibhsuybidflr,2022-04-12
3021897352,4283697386,1,amqxzwvhlnndpesgjagtcbfnzeuppdstxvhxphyetvmvfkqlqvmiyxwo,2023-03-25
864588255,2764482113,4,jghacuhchdppsycatfbhvnrjcikdijrkkgpoimjwgdkxhjkodigwlvrw,2022-10-11
1817014213,2805864242,3,duqvgrazydtzgsieulkclxnnofoqjoyrvlrmipqsgvarqxrhpimxrazu,2022-11-22
3126440007,1504465705,1,qqvchpwtfecnwjcepahzjkbnntoryaqfmxbanpzvzwcfjcwcgzqhedul,2023-06-18
160909375,3316847074,4,bkuzbkwnajtbpikeblgpowmdqmxernvykpfkajbgqepfssznicfsucmk,2023-07-31
872293594,451591866,1,fxvsxjtjyijoqmyokbtfadkmhmtcxivadokbwsdwvfgcllhjvmabergz,2023-04-16
2782940174,442641724,3,rafvhsaecvgipzaybvvbdataltsndvahpoyfrmqrvtfcxpdyibpwoiit,2022-11-18
3649487761,3305917971,5,pvjcjtndoisjnaedocozmukoxpimjqlxhxpnuewgmcdipzjbpduznmpz,2022-03-03
368887173,2345817293,4,fxazlaxyeqligqojtcovxrazavrtpnwpgoxoacbfqunofkyawklevmfh,2023-06-30
1449028180,355073381,2,ozvrbvqyenwggtlbiiuajxlburkrsrmpuqwlnwyrulvbfjdggqtpkglw,2022-09-14
3170739017,4239629693,3,rdbwixexfqwbvhxdvjznoknwycvnobetcklqmrtygvsvoknriowjdufx,2023-02-01
426645872,2635222784,1,jslqxllamaduxntqsghnmrxwwsjhvewkxcuwpkytqudyiczynmojqiud,2022-08-23
2925814757,4264450384,3,ypsnfmidlwxtbmyphpmjfspnhwcyupolqtzqlybbsqwblrxqfaqskzsn,2023-01-09
344820986,58763252,4,bqmujyuiqmmygadiuqtflgjhpozmtwinbdoxzeomojrefnbjlfyasuoz,2022-03-23
1756793455,3708035023,2,jnuituxwsiwwqbkvszzidgdlesejjgznzldqczcatcdaryakzbmzxrve,2022-11-16
3754971713,797782388,3,ogzpfvnefmpqoofwpnqxvlcmgoedhikewkvxquoloilvxtgwzlbbjfij,2023-07-05
1771162591,1944516786,1,jyqdpzhlitawgqghlvdntovbbpxsbtsfoqwyukcsqojysyuxazxnvqlo,2023-05-19
4140545564,184745482,3,athhzocuyfpbetimgsrgsxdoqpddgqfkzbkjwikvlfjgpgyoqiwvqytk,2022-08-06
458982073,3781441510,4,kdalgvykuinmziwtylgynvfasrykiorjbgynkjfqdbzooogvhkzifyoc,2023-08-11
268004510,3306544638,2,tzpzaagxgmbtumrxbvvfurzlmznpglwkffldqmglyqoukjmoeytbauci,2022-10-06
2702158346,726987033,1,begcfriigujninsypzkibmzzwfwyqckmpstscherwnsagnwuvizaqzqd,2022-12-10
39437273,985021363,5,bshkxjckysogwwsuffdxoyiecnsvpmkspzmuakwaqjebbipwqinvrocy,2023-04-03
4011230444,3779017061,2,amvbchbejgotxjtfervjgjlrvkyhqulxjfjdzjcpdkgywgjliuycjzob,2023-09-08
3923251025,330127289,2,pbauevlzbddwtorltqmehokgodtqpcspdbkfplfuowyunteahtmnaxjd,2022-10-04
1043277820,3130831435,3,eetcllzczdtcjwhklvrfbvjjfeyoiuqbaxyyeihidlerkhaehykzjdqb,2023-06-26
1731410650,3484933015,2,ldvadtbfuqdmyjgxwvlyrxaiqilfmggryqubaclixzzwvihtcmhnbsdq,2023-06-06
3864785439,726987033,3,pehneshjthvveugumprmeeehkvewaqwmpgcwhsuksgfsqpetzsxkcsex,2023-07-10
1212668005,3783136360,2,trswrftqiycethkjefkxwsrllxaktqrpcdirxazaivwdtypjtgowspjg,2022-07-25
676831865,2635222784,5,rnmakpmrnubvuooytfnbgytutaksixqsceaiaxabwrnxkmjdwoxmqofa,2023-04-14
230325064,3667618575,1,qghyagizyxedhwvfonjvunrrijexekxofwxgraivyedivrmymeyksqdz,2022-11-13
574800657,630406814,1,ktwomwtkblzonscotipngvjkjyaaxpfjscljbhdiksbhsmtxeiitbpwi,2023-05-29
3820163830,947614626,1,ptgfzseiwivoajxvwhovcjokghbnnfcmvdteixaxdlktfylqtnrtuban,2022-09-17
541405566,548699023,5,hbwdqwaavlpzdqmqnxqeipqoumfcbdasgcdluddmfpaxiktadwlgkewq,2022-08-26
401924500,2660450269,4,rbtwsgblwqkrgoozmtsysmsfwoykjgcufoicarbmyvjuvmuzofaffpwt,2023-03-12
542039116,2345817293,4,wbdnxgvutdatsjjkisgtfezephfripjkbgtejnaaacpcgzmulqoxjtay,2022-07-14
1890991970,3376616060,5,eopbppekvjtrrzzsjkpfkucdeoynymgmtwuqvpsuilezaintzpgmmxcz,2022-09-22
4039857531,1623082680,2,bwnurfzndfggeeeejwehenjauxptieienzxslaccexdjtzmnistbtcug,2023-04-29
2869614099,3735892107,2,ugadwongenhvqjmcxvizjsdmniwdtnpgwajngfcpvvocqpnjmmucxjql,2022-05-22
3687448575,2805864242,5,vgbyolhidwcnyhrshwidhedncvvpybpkizdrakjpeqtukkximuomtchi,2023-03-16
2382135169,2371520178,2,eokzktdcxlukjxbmfmnkxaonlodzxzfwtjyujtutzzkyyydrgycmohaf,2023-08-24
727191637,1861370304,4,qyxrqcwutrpeshavnnbdlgydfkeoeuxdqzhmqbrtpwrvpvnrxjexewrq,2023-08-12
2454971065,17628709,1,ourudbmfiidrfzuzkdpikmoqwprjzjcpqkakbeqojpkmqdlcsrlwhdek,2023-07-30
31746009,3900816437,5,lgsaukuqeillkutooqomvofjrbctsataiqvxobyucsxaewbjlewberbw,2022-06-23
147259129,1237424330,1,jhozmdokkjikcphegqynlulwirhkmlrqlcoipxwesrgigyuxzbmszyrf,2022-09-17
631475199,4164980623,1,xrexbwijmwpxbewhnlqwmvqkkxdahkoknaprlkfhkpuyhddetetxatbw,2023-06-21
1586558685,2312139917,4,olisaobmaxmgumcpplrzngsqqwisqkyaqopiiuqpcfaqgtmrwvwawrsp,2023-06-23
1636180858,1364726777,2,iwuaqurwyretdnqdbnkrwfwylxjrgdsfjairpvlkrthxtfjouhshjqdd,2022-04-19
1397665571,797782388,4,qymqttrnhrywvoxjguqkdraujzpvzmtnxpbgmtjnvmsovcxpxljxkibd,2022-11-29
1904361564,442641724,1,uzlcofgmgkuhamquottpabqecixhjpqybynckyrjnfcizxkyphgxsxmg,2022-10-25
61834940,1278217312,3,ehtssplttehtyxwgmgkumpvsizuudwbsubqnyfysnncxtrlksmuitovv,2022-01-21
801455520,58763252,4,oegtqzyurkezmjzepyfmxweqvwedbmkglokzdvkkbggrowfynmqhlsiz,2022-03-26
3538804564,3130831435,4,vkddnsjnqjuizjdmvczekzqyugqarbmxbhozmykczjkeqmdbyrmsxgkp,2022-08-08
3545540304,1944516786,1,hukbzuhleowkqlilwlvdwvtfmdlhouewkkjlkaityfunpduyuuchpglf,2023-02-06
1844741827,206924644,1,ikgfvpzkaletmkrenegurmtrlnvsfuhzpmsqjepzzfogsfggmqjtrwqv,2023-07-06
4000624087,3305917971,2,emjbqkqupjazbtcgnxtackkvcbtyrhtopaqhyzfiapwhvyawvucmynih,2023-05-16
596680534,119018178,2,iezwmainfgdzfdqdrgitygysiyqzvhesbphoygtwmbvcwretsfhebxzb,2023-05-27
3600244912,795517452,1,expjlrycmyopcrdhcgobgzyzsivfbcogdotzblidxljoicbebpdxbhfn,2022-10-03
268604796,4068894872,1,lehkywpysgnerzknelxtugwagahdpgdpgyxgooiszjiveauvmfedkxvt,2022-09-12
3836675894,4093626373,5,cdmrmaxszzqyfmujmhsgvgsmcsuawyxrnghezhznloxugmsyfmrxbdbp,2022-11-16
2234992155,2548108431,3,qdpjqcjbehsnwoigdhhyqhtttxgyvhmpbbpryctdgsyrzhvfqvisihfz,2022-03-08
2616994209,4269635854,4,xpkjkzvlquppgthvzrmcdyxxoojqhqoisqfehawzjlcnafbthsbkpkei,2022-09-24
144766262,985021363,4,qpteeziiwhnuhlfjmirxyckqamcehhjsmecgojjbmkiqfasiwrrnylvx,2022-07-23
2819792015,3781441510,1,rpimzttnxwwvhtatmwuwafwvabiuawoifjqytjstvrmmztmawytrnzyh,2022-04-21
2783771389,355073381,3,amzwqsenllswnzbvqimoboexdgekwipayimgdesfkeihnbjynxtxjqak,2022-12-16
2168632347,3771839276,3,zdijkzcufpyxrsgwptfdvzrtlmvxpsyswgetwjpaavdfqgkowdvoudhv,2022-05-22
1072028311,3215097654,1,iluakdgcgfkvpcsdgzeejsqwsnggabyzcepxcsgxwsnidbenxkhgccaa,2022-06-09
2690237731,3074361417,1,vksqqougavcojluzfennbdjpptaqyxcdleaidtnqswpxixneozcfgbyh,2022-01-21
187981318,1009563676,3,usupdoccyzbwptyffypkqslasqlbjitjjryskiwexzaiflphjjaaphxp,2023-05-11
1162241404,147336937,3,uwiblvezqydxsyjhajuodmzmgghcqwguakcenjtnbkvpczwvbvoxffmi,2022-08-26
4251433554,4205410754,3,buqbyrakqjeozbefvmvdquwfslcpyxerqwzguqxcyjlgirfnmnivlnwf,2023-01-11
2056342147,1491250973,4,vcwmvftdcwmwpfwmqmwcwhzqbupyhzxjwxaerufzdxqkzfidecvupsql,2022-05-08
3820026057,3306544638,2,kaceazxqffcvouwmbephzjkqknysltwwkvtnocawybejgwvtqukkdwid,2023-04-06
348121773,4199568268,1,aaafrjfdakmdditibqynkltwnceheftonqdwuhwdpcjeyinjmskcphvj,2022-12-24
430855842,3708035023,1,qxzxxmaoaztbymbzmbjmwxbseepmcrxvpvibzxyjlffkccnjhfuoyfge,2023-02-01
3623203106,184745482,3,kxebbcibmfwaeqdcwpvrhurvczqzlwastvnmprvmyrqhqksnxfxsdrkf,2022-03-30
1095414489,1504465705,4,duhowxypauprsjbkdtavgddxsqqwxgbkwzlhzqzcplqgqsoscqqefgrb,2022-02-28
1349225952,1556706313,3,ttyukjekwttwevsztpaidqkhssklkigwcdzirzmdtrsyqzgodeiyypig,2023-02-25
2890558735,1840333906,2,bnjgaflrzxyvpxswvwnqagszvfkadwhzfchgfsgqjfoopafbuvtoiagn,2022-03-19
2180372181,1623852546,5,mjgapzrxykpvjdtwihujlmajkazswokrigqxsfbbwxjcmpipdgcqopkp,2022-07-15
3799343644,3236360684,3,cervusvphbjezwsmwrmoijdqnivncruwwllkfrqkdtmmjsyiiuvxejir,2023-08-31
528129234,4283697386,2,rgbkrowktumzzmfparquituuessccflwhtgytflsmjrbiugpewiwzrzf,2023-09-05
672139046,2651573213,3,ybubcerenvincqhremqlbjnrzaypzucrtilamgcwuiuqeekieovhscfb,2022-07-22
3367084359,1785347879,5,qkyspuyrpqybbddvfwumzieteibpldjvdmgpoiswrzgntumtlnadxhca,2023-02-18
1185593079,1871534877,3,gvboxpidpezmcqfnzvoctyhvhatvxlqrsfbwlgpuchgnfcpezlaargrp,2022-11-07
548246380,2764482113,2,wvvufzvavlupnzwvmwfcvuqqbostgcdgrfvnxyxgmnrrzxumbtdnlgrq,2022-06-08
2045692107,1826933024,1,rslarjetemovypxedwwrkzlelxfsrbmvcssmxcrzdodpqtbxtjbcuxxy,2022-04-06
66709853,1564203669,4,vrresmqjsmhswdrcvimznpwqxxtojxwkudyslhvgdlhkrvfvfzynosqb,2022-11-18
3907197804,1173910807,4,nhnhbfakrpzjagsxohhcaszvftplpakytswrfjzellfykgczrnhiigys,2023-09-03
2225902650,3354210625,5,dowyjrjbcoqkppdxhuqmlhmbrmggluerljeksmawhhsbxnqyaakfpynk,2022-08-23
1415938299,2794476931,5,iijjetouizgzzkrsebcsqoqohechnafzadckvbhynnqwmpceapfxoefc,2022-11-06
1003757926,2524164501,3,enctmmnmxstzbhuvscpcdaqyehhipuvjienvgvajobwqwvyeoxrzakob,2023-03-07
1703891822,1782627165,3,oabeijcrsyehpjukbxwinococmcxuanggbukzbmosfsxbdzxpwkfmwap,2023-06-29
37767230,3663582441,4,nmfebofdcnslyfzkhapozpxkphldkougxhuchgabvxzzqovaazkulxaw,2022-02-15
2986657819,330127289,2,gxqyqdzqaczgxebhxjdnnorputzkxinsqanzojlkucataqemfazfukml,2023-04-28
484060804,3605561229,1,dndzgftweyfmyeuhdivodxojcdulrytnbpzhchxeseljkwofwbjdwyxp,2023-04-29
2279064053,104034090,4,fvnfbvmsoistrcbrimpgxjajrbofsnunhqzqngkhihsssasqmifokfav,2022-11-04
329299899,3785012349,3,xyashqlkplzvvfwrqufjiplnxucwmjpdpwpdvmthqbaseivxjgtverwx,2023-06-24
394352234,4086599620,2,gcyepdkxycbczynxhsfoihgcguohnashjivbkjvffjjhmzgxuagtuplt,2023-04-28
4136801863,3587781023,5,ghnjqkrphktmrnjcxkfbbekaveglakcjtbewncewnfwihbobezospiqh,2023-05-19
1053235487,654536839,4,bsszhplfglasktmqenbmpplogowwezmrhyufxniusuwjnzrpngvmbewy,2023-03-05
3108026816,1397006661,5,pvsbpcmfjhhuvecrpidocxufrccdmupadutfezrfvchuqhnobojrzgxg,2022-09-09
542311838,3882682291,2,hthegcxangzxhsolwojybayvchjeixxaxjgsecjdxizhwgvekdfvvyut,2023-09-10
881218902,2282770637,1,qbtjygdjemzhvcgfuhundsqhghobxapqkfvukqdtouqrukgpssvqenuo,2022-07-11
324574577,451591866,3,ocjnbtmxsggyofgjsgujobclngktqlfcqnztcuiyokpupxcsygjlezmb,2023-01-01
2664458549,1740021201,4,rfooqpbhcjwypxhgbmexbbqihilvaokpgcxqksmmtgkfjbiesvdiwkwe,2022-03-16
3391421882,2792118618,3,ombvgwleofydrdtjzdxsscuuzstdruucvmvzizgurgbqlmiccpgniqua,2023-06-13
192134459,4264450384,4,jbqertsbxjxsyayfuazxjbncfelsfymnmxwoaxsqkasrjmapggvgzofh,2022-03-02
240540007,3030264657,4,hhrginkcdsgtkivnpjjlrrsobmycreqvzzkpzvuiqlsdmfpjjodfducu,2023-04-29
3203754674,802878909,1,hlekrkzlgzxhikjkwyqqsmziabjmrgdkveojceqbbwkofdrvrprqosit,2022-09-05
813176098,693200618,2,szcubumbtqhtiiebuhkdlxcbivhhbcsphcczpmuksykctmgdgzjsbypx,2022-03-29
2930643623,3316847074,5,wgjbqhgmreuimnpvqzrsltnynetouvgssijhufafcmreynyihqpzpsfm,2022-10-08
1604753666,2962277096,1,vnnnasvdxzclaultaykhhhdufmvmgymljnwarcatyeyrsstadfjfjjbg,2023-07-15
3125497847,807495182,2,zvewhmghqwzfbgqlsyzuxhsgnspmtwbhkquelepwcggdqwkkvtuqzyac,2023-03-15
2649882153,587365749,2,mjrmmgppejampfudklfwmrwaznceeekuusxdctvzjjverdfeioqjdxwo,2023-01-29
779288254,634676415,2,vcdkfigzsbwmpfkfycnjulydzydlchwiwmvkaecvmmpobieyaxznilcc,2023-01-28
965590781,4239629693,2,iurjdlwflkhfjugtxnbnpkxinpdosyoxmgggzeelbiyydcrjogdplxeq,2023-05-10
4042475997,1656097016,5,ehujprkjovwnirznonepmtjqwxvqfucvjbezijgnekdtkuqenvzasyoy,2023-05-05
4210908516,3099049176,4,blmavhswzdtdukqvuzcyogpdzvgalexaskibtfglvgzhrxnrljxyyucm,2023-07-01
3545465929,416190263,5,xakrhcjhspkxadesjqcyxrxdfgvrxdasndphaaktqviudhebmqresgra,2022-12-16
697273087,48283740,1,eiscptxlghcdkizcarwoauqagvtamgnltayiaeuugaheacmgdfspsmvm,2023-03-07
2972525002,2367984748,4,owaydoggpcbcgvxsubphvzegicroyeqsrlpcaezrfhwskejbwmirrkiz,2023-08-14
2871821398,1601758565,1,kkxloausmplxxkhqtjmzvpkswysttqgwuhybdkgkgnaacxnnttbmfcrv,2023-02-03
3427009030,1492773634,5,kbbbgquppijwmoczcxgfxwwbiihawnlcubyvulqvectasdschpupzvxr,2023-04-15
2858048254,630406814,2,vmovfdnefwttbccxyjwztfidewxqkdwyxhromboqakfsayyisyiedurr,2023-01-09
860463328,634676415,3,ofbampqlfqewnoljqohelwlvbmkbxltuvcbinnqqmhouovqgsrsocdzd,2022-06-25
3384165901,3783136360,1,uyqqwyolsrgyypoxphwiqolachvbvxzewoipubrbwiwwvcangdkyavti,2023-04-02
870151941,3882682291,4,nnarsmmbqgsqxuqxfbqevyelvhjdjdjqhtlelelhpmdgsjvpbwsztkur,2023-06-23
3156313615,4164980623,3,dgrvphiifsubjekrrevuaoahhcitpeitkmyxofwcobbnlavdkoprbcrc,2022-12-16
227032896,3735892107,4,afsnoccmfvnyqsjwdgsjuaiwqrjaoxelqmgkxhhbnavgqbtueszhnuma,2023-06-14
242228968,3306544638,3,ljdggfkbvvgnfmcfgfkiootzizpcnkxouqnhkvlklvgngdtniyeknnti,2022-03-16
766063832,1944516786,4,axyzmtlcwitplfagqihldnjtvpknkzetamkiuxodabzthqjzcbaunrfx,2022-11-24
1969515289,4199568268,2,vdigbmtewyiklclnwfnkcxinmtjakbvgdmmwevpebiksefdfejfbijjt,2023-06-14
2475417997,2371520178,3,dmntedrwlefqzrwclxvqtcyegcovjfacqmygnpdiqyrtmsbdgmmbojqv,2023-03-26
2124680496,2345817293,4,vpwawwbigrmqfpngmaoyzenllzjddcezlgomvxorzvnyrruqwbwxuszb,2022-07-09
3877911465,3074361417,3,dkmgybwerqwvotoorlxodjllovllbyqzgnkqjtyrwrvwudtabwmpmqqt,2022-06-19
2282262513,693200618,3,lsfflwdxbqbeiphskabapjlkfakgkwxycaqeioejevptbjcexrcdrwff,2023-09-01
554567982,1237424330,3,xychvgyoagjevwnmbktzcefqmmknswcokkvnrtmbisqpywaqvxekccxb,2022-01-22
3596945610,206924644,2,coukaxirupuahgjhaiytryumjxllvqkcxaulrpdqnrppobrvtpbbiccd,2023-03-19
807999125,17628709,4,ksswqgbhdjxhocyezyfrwtarzslgcwrbrmfkkuaierbvihfnbbyfbpxt,2022-12-22
2385455308,947614626,4,erdgknqsfyrpiahiseayalcsymgplufqeanskvkfcqxiqbbshqtyjgdy,2023-08-15
4293445913,1782627165,2,jbaenolajhhvkljqhxbhbvfisnlgrjelqgaqpqayxmaftwszckautkqu,2022-02-17
3093318917,2635222784,5,wwqszhxicbymuitnsnaphvpxlltyhcdlakaaswvkdfuywpvsrdkzcbpr,2023-07-13
2282763190,4264450384,4,pluhvkjgydxcdpbztoluwggbjyiqorwcbtzbosjuaerxccexzgararec,2023-05-20
2320458140,330127289,1,myelplvjwlfuzmlzotfyfpnbwponmxdhhkekjnrigeikvajmfvdmtrea,2022-05-26
1921326701,416190263,1,rnncnwtrnciehlwdgdjtbqbkctnompqyacfozfltqjlnmdyrclsqskis,2022-10-22
1039663945,3236360684,2,kvirnyassaaqlntlqacgvgpxupvqdsamiasnaxfzcsskwoozqlnrvchd,2022-02-20
1819461094,1278217312,1,ahogtnwwyscuqhjmihnkpjivoypnenkwvukwinnixkiwcwacyeegnmej,2023-07-19
4136528235,1785347879,3,munjusdsqvzjylranhcyuvsimkxaexydskxxatziahotfukgrhebcpuw,2023-04-08
2008208733,3605561229,3,quakgxpkeemnioieqqcqnsjzfmdtziczcpyhrxssgyejlhfxcxkimlpp,2022-03-26
1894022454,3779017061,3,ozghbisliuzqrneumvcnnfgvluhpgoxusajdbiwgyzlazwtypxfcnjta,2023-04-01
2980156133,442641724,4,fqkfchufrozlllaemjjckkkyrnmnwtoqfeldrcwrotyhapgkhanzndrp,2022-02-13
3902235746,1504465705,2,sunabacrejiioyqrxapttsbkluegjvdhgxxjmllrumjixfgovlccimuq,2022-11-26
2364394839,3376616060,3,ykrfjfewqadqrwocmodzgsxepgrzusieegkccmdnrdpdawmmhqjzgfel,2022-06-11
1019852883,58763252,2,ocxuyuyzbocsegyaytcvzoxgrgkjmvrsuukzimmqwpayhndipgfywiok,2022-05-17
483709526,3099049176,5,qdjgijlpbifpgyajbcvtyoggxfqtqkrbmtblqkkwsypoueaaasksyeno,2023-03-18
313719400,2805864242,1,etnddjgmryyonbfvopwditbrwdundhdrjecxackflruhmjvlqpsdygfx,2022-09-10
790858758,355073381,4,srntqhwixlhskavtiubuqifodaeukjgjcmzwhrlnkwwxspvovnicwrdd,2023-06-06
32785715,3305917971,5,dwzweeogmozcdveimaqdssjkxaoycyvwosezvpmoweuvczusrcwblmjv,2022-05-02
4289315164,3667618575,1,dygcmppfsbvrkgsjvecocvsaxebsaruabvaqeekzypkklnrcvwgihyrw,2023-02-23
3051574414,4283697386,3,swkyxkkcngekjqtpqmgfynytrrqyjxxgjlqdklpyshuojvvywtbxokjr,2023-03-10
2235891093,147336937,3,teujdzkmyikvutvdxwtpnsjblxnblrmduwfgozhdaejadblrkspovevb,2023-06-05
3951749720,1623852546,1,uvjhvfweswfzxbdufidvbreouiqntqukszlbhbgeefwmdmzfqzvgcjji,2022-05-14
2860897033,4239629693,2,etkeawpowtxldeejsvyvzwoimlsthzgvwllbbrjqovbqtopkemmkzjgr,2022-10-28
4115519346,4269635854,5,oacffrcdghyeucasuzomxvaexijunznbppzmynqlmsdcuamcnkcoyxtu,2022-09-21
2379748197,985021363,2,vvvwmkfgthmfukgiuukyrpawovmxxcmfsmdwkxtbnukxdimbkuwkgxyp,2022-06-24
689998907,3785012349,3,azhamrilvdkrfhqitlklxjxqyhkbfbehczeyiqjpjodcxndastbsggev,2022-12-09
1364673076,2764482113,4,xesclvblvjxjbgbvqauychrflbxribczhycjriwmxjrrsjsrmmxwbhbs,2022-09-26
2976727371,184745482,3,ckiynndvbrouhxssessmkvsqtmkdqhsxqsqdonxhtjptkukouftqhpyx,2022-11-16
4243351671,2660450269,3,jlgdzqjfmkpchwkscspgmohsyycyyursghochrksyxpxcsoxczgwmgcu,2022-10-13
3548115329,2792118618,3,xsevtmupmrzktmvspoaqmfudocpigpzonwzvwrkqulwqqmivnxaqzlws,2022-08-01
3618208196,104034090,5,yzxcoeqfqfdixmzybnkjlbczwzrzczhrcwqgghxwhjzjaninltwuxhro,2022-12-18
556169466,119018178,1,dejgsrqahyfojrbajxlbjxielaiunlpubqxlyvtlamutqghcchwjyhvl,2023-07-10
712958318,1826933024,4,cxofhxotitxheegtyvhitbjzamxpukxgbppvrrzhxkwpbwbwaphqjwod,2022-12-12
783329715,1173910807,1,ipbzirmwjlevzppymahrbngwsafxzxecejjqvednacyurecsyxcfhqiu,2023-06-03
1681734260,4068894872,3,neyownpinnbhefjjtrqkranxjmtzfdzclfnntvmzrwnapzwqjclzkxas,2023-05-16
3009478510,3484933015,2,jxqvhodxkuuzdgoofecswdiktmdhhzhtgkxcjkldqusdrssrkwcupavr,2022-04-11
3676139344,2524164501,3,xodqwunyeroygjwusfpeflhsaddeiywwmxzmraqkywvhognobrffejai,2023-08-03
184032965,2548108431,2,pxhedvubrqsatcgfepsutklbhcwgjgixmmpgjvksfqpxqpfukdwpqtbb,2022-08-27
1072825817,2651573213,3,qxmjhtqfrluuooooqcutvbbhuojllhaeabiajjmuinywimjxevqigsiu,2023-05-20
3448564109,48283740,4,ogvzvuwlhzgmwccfhbxndaasquqbrbpztglvothbxaplkfsvruafgjup,2022-04-10
2052027313,1601758565,2,demzbmdtrcwradhzklofmzfwgzvvyxeqqeodrsosfplnlakysmufahic,2022-10-26
540840461,726987033,5,posyddozeougvbvsbagcgwjdqgmtryprqdxblycbpoeymgvcgkornsbr,2022-10-22
2654732541,3900816437,2,peswmmndvikkdbfhzcbutakffcfohprdjoqxrbvxekaalebimimefjui,2023-02-01
1159343120,1556706313,3,hhfgerhokmnrscqwuvswklirqkhemaghfhsirgqjwrvatekkqxjrdcxp,2023-07-24
1791216381,3708035023,1,ifqmgxavqugbfsyylqohhxkiyxitkmnewzyapvhtkbqmviphdficlgvx,2023-09-06
2715147113,1009563676,2,bodhymbqhpfyngtrnwogkvqncdwakcgvxvitulpobcjmmdxsyrsyyfzu,2023-02-20
87698434,1871534877,5,gbizvalbenjmqhsfakkmnbndpwbrshxjapsklwqptwhonddcgyosoody,2022-02-21
632696169,3354210625,1,cdvfwvmhswdukklggzfekdasuagyyqqtggjlfqfpwjefjukxrgtqtizl,2022-11-30
4274579417,3771839276,3,qmbcvlcxozqpxeopylfjnegdasskmsissojpurcyuekmmufdftdstldt,2022-11-14
166570354,3030264657,5,tbavmcodmsohermdrnxgcfflkpbgbktvsktixmgbgafpoklbwuxondav,2022-11-15
2892312625,1740021201,5,afobsamceqgxhynpyswzewolthitjgkmooyzfohygglwlnyiifvmefjd,2022-03-15
95116699,807495182,3,nueskjfyvjdrajjfyyrkgmghgykeuubfdoccblrhynzzjgmidbrgbuad,2023-01-02
3681180093,4093626373,1,yshgophgdcwnkuxyfnslpescskbdzchdqwpbrarooxkrzjgscxqtqupj,2022-10-30
3790582642,795517452,4,peajxahalttskyagudkwbcnkyowvqaexilzzujdzqvmftbhfrmkhqzkv,2023-03-14
1381395475,3130831435,1,xizmztclajeauhmjgozvxruzpioxxfnznxjmvgkfksoemqmdxxfvmecj,2023-02-01
2332090998,1861370304,3,ynfvetgtygyyuszzqlilzqkswdcwlqvkkvcyoqosmvgrijtjbhlqzyja,2023-05-04
4089783632,1656097016,1,zladdnzwkisubcrbowoacyxnobqcaetdolblyxxxwsykwfdkqjzclaej,2023-08-03
2338818064,548699023,2,flthisyylgzuhfxhavelwxvntqbwewkwyweshpcrjkbtuqymwiriofvm,2022-09-16
581581730,1364726777,4,bynlvscfgqhirkudzubjychacbpekmygwwyljlezkurzfvtayhzqdnoy,2022-04-27
640191079,451591866,4,uzjlivuwjmqtabgwmhpfyptpytkyzoakvmludavquikbzhailhdxonef,2023-03-30
1788721588,3663582441,1,aqqbmcrsngkycdxoprjqitbhdxeuowgzvqgmfbjgwqwynjwzsbixrmau,2023-02-21
2011359322,802878909,4,yzsuzwirmaeewdefmkzadoubetrwwfdadckggnmbiydbspxbhqpxtewa,2023-07-01
1943173401,1397006661,5,qzytrkeolgujnoianrmhijdnsbifnsesqoiznyhglmfqychekkwuzzgb,2022-09-29
252425383,2367984748,5,zfukzqyeqjjgnozzjzxfhwqwrxtmlbmeupemknhvwhdmvexzwradagil,2023-08-21
3717409597,587365749,2,kqdewgxdbztuizylyilhatezfmewrdyvtuqlcrsypjfthzhpyefxhbou,2022-12-10
1738602972,654536839,3,alfynmipdxjcddftbettsvhbjafcjjwtcthyuqqrykpqiklmjzehvodh,2022-06-25
2130178131,2962277096,4,nnhqnjzwucrdgrzgjhjwhawginhanrxydugydyisyavntzyssvmdcqck,2022-12-13
2201234141,797782388,1,sftyihuypkceajxdgcxnvujkqraujpnaatnsreupsbdqtrmrcpamehhm,2023-02-11
2749003291,3587781023,2,iottixpbkneqeywekqoekixjtzbqcqeumrmbhvpaiohygcvmgvylhldd,2023-09-04
1823744233,4205410754,4,vwhpuoqolhtemuuoghmrhvddnxyddsezguznkvnkonbaamkdlvxkylle,2023-03-02
411957261,1840333906,3,nonicfrpcfkyycoezpvmjyfghhxlvvghorrlyqajmownldivqapymjtb,2023-02-10
2718984140,4086599620,5,xnwzskqictwwfbocdaspnvgsnnzqbqfcnbhizdzafhndgiuxfmlcumsu,2023-02-27
778919254,3316847074,5,omamzsgcxztkrrcsexexxukftdqgktjizlcfqgwpxznacousjlxjihvs,2022-08-31
2437389836,1492773634,1,dobrbbtcnmcyxgycpzejcccenyrqdlhwtgrhlsbxozgilcglvbvocalx,2022-12-14
2386304458,3554321074,5,ycawbcjkqvdyhluqnljtkjhtdslysyywoyrkmhkakylbmdhahujpiznf,2022-11-15
867949040,3215097654,5,bfqddyqruwerootccadyymtaoljgotchnxtrjfijlfihahvpazgiqwdj,2023-08-02
2008926871,1491250973,4,iyheiecxslbxlyitwfrcvrireuwphulrjrzxbmwuephlhalxtyhjmccm,2023-03-23
3949804935,2794476931,4,xiqpsfmzmdelfsfschoqcwqbucpilbfhaxjltbiyhclylrroulubkrpj,2022-11-03
688220564,2282770637,2,nejpecasyrofxywlepwukthivrwbwbwfqhoqugyfeyhgtpkxbffaywsb,2022-04-21
383740069,2312139917,2,agazkfkrrovuydiazindxoocyngnjzssjdgehzdhpbebhaucbhfnslsu,2022-06-09
2944618457,3781441510,4,kowvwlrzueysvsymmfoosergvqeynkfnjywjdfriofifnxsxaapedpwl,2022-10-22
790955887,1623082680,1,mjhtsxzvixhrgxstsnhmyebssutkjvxlnftutqvdssymkbkuxhpdxbzv,2022-06-19
2512805247,1564203669,5,ectuzmisblejgfmhnbcsxbuhjpytgddfwmvoawrovtmlnuvgruyisaib,2022-08-17
4087436460,4164980623,2,qccnrvnhnhjeusgijkqhrgtwjdzjtfqhgrryhqttjnbutlmjwhbrweyd,2022-04-18
3201559243,4283697386,1,jblngvkwipedodygrldhtohkstxhcewgflzzxnkcouzkcqqyogulsswe,2022-04-18
3627070903,693200618,5,ycsnosbvysvzeqjzanmozkbrmyskidhtgmeytshjrpzfubsgrujsqslo,2022-05-24
2551034874,802878909,1,bpvjfmbyysgarsqrxipmkvtcwbbnaekmnockeqdibyxyvbflstpxbojp,2023-01-13
527784790,985021363,3,pwlqrpzhkiddyewqwkyurfyefamjeeaeasiyyhkegwgxfqryyoaomxmc,2022-07-20
3030142940,4264450384,2,csxmpfeutsgthqgywxkdnarivwtxnojzgwdpulyefzoadenmojvbboaj,2022-05-10
2166875453,2282770637,5,bwmaswgjwncdwyrzqqvmzojsazjzmgtwzunzvevvvtuymnpyhlouuize,2023-08-13
